FECHA,EMISOR,MONEDA,TASA,TASA/MARGEN,PLAZO (en meses),VN,CALIFICACIÓN
29-abr-26,Provincia del Chubut (Ley NY),USD Int,Fija,"9,45%",120,"650,00",Caa1 (Moody’s)
28-abr-26,Edenor (Ley NY),USD Int,Fija,"9,50%",84,"523,30",B- (S&P) / B3 (Moody’s)
28-abr-26,Edenor (Ley NY),USD Int,Fija,"9,50%",84,"26,70",B- (S&P) / B3 (Moody’s)
28-abr-26,Banco Santander,ARS,TAMAR,"3,25%",12,"157.000,00",A-1 (Moody’s)
27-abr-26,Hijos de Salvador Muñoz,USD Mep,Fija,"7,70%",18,"10,00",A (Fix SCR)
24-abr-26,Banco de Valores,ARS,TAMAR,"3,00%",6,"90.084,00",A1+ (Fix SCR)
24-abr-26,Banco Comafi – XXIII,USD Cable,Fija,"3,50%",18,"13,00",AA (Fix SCR)
17-abr-26,Banco Comafi – XXI,USD Mep,Fija,"3,25%",12,"20,30",A1+ (Fix SCR)
17-abr-26,Banco Comafi – XXII,ARS,TAMAR,"3,75%",12,"58.440,00",A1+ (Fix SCR)
17-abr-26,BONAR 2027 (AO27),USD Mep,Fija,"6,00%",18,"250,00",SC
17-abr-26,BONAR 2028 (AO28),USD Mep,Fija,"6,00%",30,"250,00",SC
14-abr-26,YPF S.A. – XLIII,USD Mep,Fija,"5,50%",48,"122,10",AAA (Moody’s)
08-abr-26,Vista Energy (Ley NY),USD Int,Fija,"7,88%",144,"500,00",BB- (Fitch Ratings)
01-abr-26,Pampa Energía,USD Mep,Fija,"5,49%",36,"200,00",AAA (Fix SCR)
31-mar-26,BONAR 2027 (AO27),USD Mep,Fija,"6,00%",19,"95,00",SC
31-mar-26,BONAR 2028 (AO28),USD Mep,Fija,"6,00%",31,"36,00",SC
16-mar-26,BONAR 2027 (AO27),USD Mep,Fija,"6,00%",19,"250,00",SC
11-mar-26,ICBC,ARS,TAMAR,"3,50%",12,"68.544,00",A1+
09-mar-26,Compañía General de Combustibles,USD Mep,Fija,"9,50%",24,"55,20",AA-
05-mar-26,Telecom Argentina,USD Mep,Fija,"6,50%",36,"81,30",AA+
04-mar-26,Banco BBVA Argentina,ARS,TAMAR,"3,50%",12,"45.457,00",A1+
04-mar-26,Pcia. Entre Ríos (Ley NY),USD Int,Fija,"9,55%",84,"300,00",Caa1 (Moody’s) / CCC+ (S&P)
27-feb-26,Pluspetrol,USD Mep,Fija,"6,50%",36,"167,50",AAA (Fix SCR)
27-feb-26,BONAR 2027 (AO27),USD Mep,Fija,"6,00%",20,"250,00",SC
27-feb-26,Luz de Tres Picos,USD Mep,Fija,"8,00%",36,"49,60",AA (Fix SCR)
27-feb-26,BBVA,USD Mep,Fija,"5,00%",18,"36,50",AAA (Fix SCR)
26-feb-26,PSA Finance,ARS,TAMAR,"4,75%",15,"19.884,00",AA (Fix SCR)
25-feb-26,Arcor,ARS,TAMAR,"3,40%",12,"79.070,00",A-1 (Moody’s)
23-feb-26,Oleoductos del Valle,USD Mep,Fija,"6,90%",48,"110,00",AAA (Fix SCR)
23-feb-26,Banco Hipotecario,USD Mep,Fija,"5,00%",12,"28,70",A1+ (Fix SCR)
23-feb-26,Mercado Pago,ARS,TAMAR,"3,50%",12,"61.241,00",A1+ (Fix SCR) / A1 (Moody’s)
23-feb-26,Banco Hipotecario,ARS,TAMAR,"3,50%",12,"25.389,00",A1+ (Fix SCR)
19-feb-26,YPF (Adicionales),USD Mep,Fija,"7,00%",36,"161,00",AAA (Moody’s)
18-feb-26,Grupo ST,USD Mep,Fija,"8,25%",12,"11,80",A1 (Fix SCR)
09-feb-26,Edenor (Ley NY) Adicionales,USD Int,Fija,"9,75%",56,"90,00",B- (Fitch) / B- (S&P) / B3 (Moody’s)
09-feb-26,MSU Energy,USD Mep,Fija,"7,50%",21,"59,70",AA- (Fix SCR)
09-feb-26,CNH Industrial Capital Argentina,USD Mep,Fija,"7,50%",36,"46,50",AA (Fix SCR)
06-feb-26,Banco Comafi,USD Cable,Fija,"5,25%",18,"30,50",AA (Fix SCR)
06-feb-26,Banco Comafi,USD Mep,Fija,"4,75%",12,"40,00",A1+ (Fix SCR)
06-feb-26,Banco Comafi,USD Mep,Fija,"7,00%",36,"7,00",AA (Fix SCR)
05-feb-26,Credicuotas Consumo,USD Mep,Fija,"6,50%",8,"23,60",A1 (Fix SCR)
03-feb-26,Provincia de Córdoba (Ley NY),USD Int,Fija,"8,60%",108,"800,00",B- (Fitch) / B3 (Moody’s)
30-ene-26,Crown Point Energía,USD Linked,Fija,"10,75%",36,"30,00",A- (Fix SCR)
29-ene-26,Otamerica Ebytem,USD Mep,Fija,"6,74%",42,"50,00",AAA (Moody’s)
29-ene-26,Mirgor,USD Mep,Fija,"8,25%",18,"26,50",A+ (Moody’s)
27-ene-26,YPF (Adicionales),USD Int,Fija,"8,25%",96,"550,00",B- (S&P) / B2 (Moody’s)
23-ene-26,Loma Negra,USD Mep,Fija,"6,50%",36,"60,00",AAA (Fix SCR)
20-ene-26,Telecom,USD Int,Fija,"8,50%",120,"600,00",B2 (Moody’s)
20-ene-26,Banco Macro,USD Int,Fija,"7,25%",12,"400,00",A-1 (Moody’s)
20-ene-26,Cresud  LI,USD Mep,Fija,"5,75%",12,"46,80",A1+ (Fix SCR)
20-ene-26,Cresud  L Adicionales,USD Mep,Fija,"7,25%",38,"40,80",AAA (Fix SCR)
20-ene-26,FyO,USD Mep,Fija,"7,90%",18,"20,90",AA- (Fix SCR)
20-ene-26,FyO,USD Linked,Fija,"8,50%",18,"7,10",A+ (Fix SCR)
16-ene-26,John Deere Credit Cía. Financiera,USD Mep,Fija,"7,75%",36,"80,00",AA (Fix SCR)
16-ene-26,Scania Credit,USD Mep,Fija,"7,49%",36,"41,00",AA (Fix SCR)
15-ene-26,Banco de Servicios y Transacciones,USD Mep,Fija,"7,00%",12,"10,90",A-1 (Moody’s) / A1 (Fix SCR)
15-ene-26,Banco de Servicios y Transacciones,ARS,TAMAR,"5,00%",12,"10.240,00",A-1 (Moody’s) / A1 (Fix SCR)
15-ene-26,Pan American Energy,USD Int,Fija,"7,75%",132,"375,00",BB- (Fitch) / B1 (Moody’s)
14-ene-26,San Miguel (Canje) – Clase A,USD Linked,Fija,"8,00%",42,"51,10",BBB- (Fix SCR)
26-dic-25,CGC,USD Linked,Fija,"9,00%",15,"78,70",A (Moody’s)
23-dic-25,Banco Galicia,USD Mep,Fija,"5,50%",12,"71,90",A-1 (Moody’s)
22-dic-25,Crédito Directo,ARS,TAMAR,"7,50%",6,"10.701,00",A2 (Fix SCR)
19-dic-25,PSA Finance,UVA,Fija,"8,89%",24,"12,10",AA (Fix SCR)
19-dic-25,PSA Finance,ARS,TAMAR,"4,24%",12,"13.788,00",A1+ (Fix SCR)
19-dic-25,PSA Finance,ARS,Fija,"TEM 2,65%",9,"10.800,00",A1+ (Fix SCR)
18-dic-25,EDEMSA,ARS,TAMAR,"6,50%",12,"22.400,00",A2 (Fix SCR)
17-dic-25,IRSA – XXIV Adic,USD Int,Fija,"8,00%",111,"180,00",AAA (Fix SCR)
15-dic-25,Arcor,ARS,TAMAR,"3,25%",12,"80.000,00",A1+ (Fix SCR)
15-dic-25,YPF Luz,USD Mep,Fija,"6,75%",36,"45,00",AAA (Moody’s)
12-dic-25,CFN,ARS,TAMAR,"9,00%",12,"12.295,00",A1 (Fix SCR)
17-dic-25,Rombo Cía. Financiera,ARS,Fija,"2,69%",12,"12.214,00",A-1 (Moody’s)
11-dic-25,Volkswagen,ARS,TAMAR,"4,50%",12,"21.142,00",A1+ (Fix SCR)
10-dic-25,Vista Energy (Adicionales),USD Int,Fija,"8,50%",90,"400,00",BB- (Fitch)
10-dic-25,Laboratorios Richmond,ARS,TAMAR,"8,50%",12,"11.120,00",A2 (Fix SCR)
10-dic-25,Cresud,USD Mep,Fija,"7,25%",39,"29,60",AAA (Fix SCR)
09-dic-25,Nuevo Banco del Chaco,ARS,TAMAR,"8,00%",12,"40.000,00",A2 (Fix SCR)
05-dic-25,BBVA,USD Mep,Fija,"5,75%",12,"50,00",A1+ (Fix SCR)
05-dic-25,Oleoductos del Valle,USD Mep,Fija,"7,50%",42,"115,50",AAA (Fix SCR)
04-dic-25,Capex,USD Mep,Fija,"8,25%",42,"70,90",AA (Fix SCR)
04-dic-25,Supervielle,USD Mep,Fija,"6,25%",12,"27,30",A-1 (Moody’s)
03-dic-25,CNH,USD Mep,Fija,"8,00%",30,"56,40",AA (Fix SCR)
03-dic-25,CNH,USD Mep,Fija,"8,00%",30,"56,40",AA (Fix SCR)
02-dic-25,YPF,USD Mep,Fija,"7,00%",39,"194,90",AAA (Fix SCR) / AAA (Moody’s)
28-nov-25,ICBC,ARS,TAMAR,"3,50%",12,"48.760,00",A1+ (Fix SCR)
02-dic-25,Genneia – Bono Verde,USD Int,Fija,"7,75%",96,"400,00",B– (S&P) / B2 (Moody’s)
28-nov-25,Compañía General de Combustibles,USD Int,Fija,"11,875%",60,"300,00",CCC+ (Fix SCR)
26-nov-25,Ciudad de Buenos Aires (Ley Inglaterra),USD Int,Fija,"7,80%",96,"600,00",Ba2 (Moody’s) / B- (S&P) / B- (Fitch)
26-nov-25,Tarjeta Naranja,ARS,TAMAR,"4,50%",12,"81.764,00",A1+ (Fix SCR)
26-nov-25,Tarjeta Naranja,USD Mep,Fija,"6,50%",9,"90,10",A1+ (Fix SCR)
25-nov-25,Banco Provincia – Serie IV,ARS,TAMAR,"4,00%",12,"32.302,00",A1+ (Fix SCR)
25-nov-25,Banco Provincia – Serie III,USD Mep,Fija,"6,50%",12,"26,10",A1+ (Fix SCR)
20-nov-25,BBVA,ARS,TAMAR,"3,50%",12,"43.540,00",A1+ (Fix SCR)
20-nov-25,BBVA  (Adicionales),ARS,TAMAR,"3,20%",7,"21.676,00",A1+ (Fix SCR)
20-nov-25,Hipotecario,ARS,TAMAR,"3,50%",12,"33.784,00",A1+ (Fix SCR)
20-nov-25,Hipotecario,USD Mep,Fija,"6,00%",12,"34,40",A1+ (Fix SCR)
20-nov-25,Credicuotas Consumo,ARS,TAMAR,"6,00%",12,"15.331,00",A1 (Fix SCR)
20-nov-25,Credicuotas Consumo,USD Mep,Fija,"7,00%",9,"12,30",A1 (Fix SCR)
20-nov-25,Transportadora de Gas del Sur,USD Int,Fija,"7,75%",120,"500,00",B2 (Moody’s)
19-nov-25,Edenor,USD Int,Fija,"9,75%",59,"201,20",B- (Fitch) / B3 (Moody’s) / B- (S&P)
18-nov-25,Pluspetrol,USD Int,Fija,"8,13%",66,"500,00",BB (Fitch) / B1 (Moody’s)
17-nov-25,Provincia de Mendoza 2 Adic.,ARS,TAMAR,"5,50%",13,"54.807,00",A- (Moody’s)
17-nov-25,Provincia de Mendoza 1 Adic.,ARS,TAMAR,"4,75%",7,"43.986,00",A- (Moody’s)
14-nov-25,Pampa Energía,USD Int,Fija,"7,75%",144,"450,00",B- (S&P) / B (Fitch)
14-nov-25,BACS Banco de Crédito y Securit.,ARS,TAMAR,"4,50%",12,"30.022,00",A1+ (Fix SCR)
14-nov-25,Banco de Galicia,USD Mep,Fija,"6,00%",13,"144,30",A-1 (Moody’s)
13-nov-25,Banco Patagonia,USD Mep,Fija,"6,25%",12,"47,20",A-1 (Moody’s)
13-nov-25,Municipalidad de Córdoba,ARS,TAMAR,"5,50%",15,"70.000,00",A (Moody’s)
11-nov-25,Mirgor,USD Mep,Fija,"8,50%",12,"20,00",A-1 (Moody’s)
07-nov-25,Banco Comafi,USD Mep,Fija,"6,50%",12,"38,00",A1+ (Fix SCR)
05-nov-25,YPF,USD Int,Fija,"8,75%",51,"500,00",B- (S&P) / B2 (Moody’s)
03-nov-25,Tecpetrol,USD Int,Fija,"7,63%",61,"750,00",BB- (Fitch) / B1 (Moody’s)
23-oct-25,Otamerica Ebytem V,USD Mep,Fija,"6,69%",12,"50,00",A-1 (Moody’s)
23-oct-25,Banco de Servicios y Transacciones,USD Mep,Fija,"8,00%",12,"21,10",A1 (Fix SCR)
23-oct-25,John Deere,USD Mep,Fija,"7,50%",18,"26,20",AA (Fix SCR)
20-oct-25,Mercado Pago (Adicionales),USD Mep,Fija,"4,98%",7,"46,10",A1+ (Fix SCR) / A-1 (Moody’s)
17-oct-25,Pan American Energy,USD Mep,Fija,"6,00%",18,"56,10",AAA (Fix SCR)
16-oct-25,Tecpetrol,USD Mep,Fija,"6,50%",23,"114,50",AAA (Fix SCR)
15-oct-25,Vista Energy,USD Mep,Fija,"6,00%",18,"73,30",AAA (Moody’s) / AAA (Fix SCR)
08-oct-25,YPF,USD Mep,Fija,"6,00%",15,"99,00",AAA (Moody’s) / AAA (Fix SCR)
08-oct-25,Banco Mariva,USD Linked,Fija,"0,00%",6,"10,20",A-1 (Moody’s)
06-oct-25,Arcor,USD Mep,Fija,"5,90%",12,"100,00",A-1 (Moody’s)
06-oct-25,Mercado Pago,USD Mep,Fija,"4,98%",8,"50,90",A-1 (Moody’s) / A1+ (Fix SCR)
03-oct-25,Inversora Juramento,USD Mep,Fija,"9,00%",24,"30,00",A- (Fix SCR)
03-oct-25,YPF Luz,USD Mep,Fija,"6,00%",12,"79,90",A-1 (Moody’s)
04-sep-25,Banco de Valores,USD Mep,Fija,"7,75%",12,"15,00",A-1 (Moody’s)
04-sep-25,Credicuotas Consumo,USD Mep,Fija,"8,00%",9,"16,40",A1 (Fix SCR)
04-sep-25,Credicuotas Consumo,ARS,TAMAR,"9,50%",9,"14.545,00",A1 (Fix SCR)
02-sep-25,Scania Credit,USD Mep,Fija,"8,75%",24,"28,70",AA (Fix SCR)
01-sep-25,Plaza Logística,USD Mep,Fija,"8,50%",24,"21,80",AA (Fix SCR)
28-ago-25,CRESUD,USD Mep,Fija,"7,25%",24,"31,30",AAA (Fix SCR)
28-ago-25,Banco CMF,USD Mep,Fija,"6,50%",12,"21,80",A1 (Fix SCR)
26-ago-25,YPF,USD Mep,Fija,"7,50%",36,"51,40",AAA (Moody´s) / AAA (Fix SCR)
26-ago-25,YPF,USD Cable,Fija,"8,75%",48,"57,60",AAA (Moody´s) / AAA (Fix SCR)
26-ago-25,Tarjeta Naranja,USD Mep,Fija,"7,40%",9,"95,70",A1+ (Fix SCR)
26-ago-25,Tarjeta Naranja,ARS,TAMAR,"9,00%",9,"59.968,00",A1+ (Fix SCR)
25-ago-25,Pan American Energy,USD Mep,Fija,"7,50%",42,"85,90",AAA (Moody´s)
25-ago-25,Banco Supervielle,USD Mep,Fija,"8,00%",24,"5,01",AA+
25-ago-25,Banco Supervielle,USD Mep,Fija,"6,75%",12,"16,30",A-1 (Moody´s)
21-ago-25,Central Puerto,USD Cable,Fija,"8,00%",42,"50,00",AA (Fix SCR)
20-ago-25,Banco Hipotecario,USD Mep,Fija,"7,00%",12,"30,80",A-1 (Moody’s)
20-ago-25,Banco Provincia de Córdoba II,USD Mep,Fija,"7,00%",12,"13,30",A+1 (Fix SCR) / A-1 (Moody’s)
20-ago-25,Banco Provincia de Córdoba I,ARS,TAMAR,"3,00%",10,"26.094,00",A+1 (Fix SCR) / A-1 (Moody’s)
20-ago-25,CFN,ARS,TAMAR,"9,00%",10,"25.688,00",A1 (Fix SCR)
19-ago-25,BBVA,USD Mep,Fija,"6,00%",12,"43,40",A1+ (Fix SCR)
19-ago-25,Banco Comafi,USD Mep,Fija,"6,75%",12,"25,40",A1+ (Fix SCR)
12-ago-25,Banco de Galicia,USD Mep,Fija,"6,25%",12,"110,90",A1 (Moody’s)
06-ago-25,Edenor,USD Cable,Fija,"8,50%",12,"80,00",A1 (Fix SCR)
06-ago-25,Edenor,ARS,Tamar,"6,00%",12,"200.000,00",A1 (Fix SCR)
30-jul-25,Pampa Energía,USD Cable,Fija,"7,25%",36,"104,60",AAA (Fix SCR)
30-jul-25,Banco Macro (Adicionales),USD Int,Fija,"8,00%",46,"130,00",Caa1 (Moody’s) / CCC+ (Fitch)
24-jul-25,Telecom,USD Int,Fija,"9,25%",94,"200,00",B/RR3 (Fitch Ratings)
23-jul-25,Arcor,USD Int,Fija,"7,60%",96,"350,00",B+ (Fitch Ratings)
22-jul-25,Loma Negra,USD Cable,Fija,"8,00%",24,"112,90",AAA (Fix SCR)
22-jul-25,John Deere,USD Mep,Fija,"8,50%",24,"28,50",AA (Fix SCR)
21-jul-25,Distribuidora de Electricidad de Mendoza S.A.,USD Int,Fija,"10,75%",72,"150,00",B- (Fitch Ratings)
17-jul-25,Telecom,ARS,Tamar,"4,00%",12,"57.962,00",A1+
16-jul-25,Mercado Pago,ARS,Tamar,"2,85%",12,"51.047,00",A1+ (Fix SCR)
17-jul-25,YPF,USD Mep,Fija,"7,50%",36,"250,00",AAA (Fix SCR / Moody’s)
17-jul-25,YPF,USD Cable,Fija,"8,75%",60,"167,20",AAA (Fix SCR / Moody’s)
16-jul-25,Petroquímica Comodoro Rivadavia S.A.,USD Mep,Fija,"8,50%",36,"38,90",AA (Fix SCR)
10-jul-25,Crown Point Energía S.A.,USD - Linked,Fija,"13,00%",24,"25,00",BBB
08-jul-25,Profertil S.A.,USD Mep,Fija,"7,25%",24,"54,33",AAA (Moody´s)
03-jul-25,Havanna,USD Mep,Fija,"8,75%",36,"18,50",A+
03-jul-25,CRESUD,USD Mep,Fija,"8,00%",36,"43,66",AAA
02-jul-25,Compañía MEGA,USD Mep,Fija,"7,50%",24,"59,60",AAA
30-jun-25,Telecom,USD Mep,Fija,"7,50%",24,"50,50",AA+
24-jun-25,Pluspetrol,USD Int,Fija,"8,50%",83,"200,00",BB (Fitch) / B3 (Moody’s)
17-jun-25,Banco Macro,USD - Int,Fija,"8,00%",48,"400,00",Caa2 (Moody´s) / CCC+ (Fitch Ratings)
12-jun-25,ICBC,ARS,Tamar,"3,25%",12,"3.478,24",A1+
12-jun-25,Capex,USD Mep,Fija,"7,75%",36,"45,10",AA
11-jun-25,Oleoductos del Valle,USD Mep,Fija,"7,89%",36,"85,00",AAA
10-jun-25,Supervielle,ARS,Tamar,"3,25%",12,"28.354,98",A-1 (Moody´s)
05-jun-25,BBVA,ARS,Tamar,"3,20%",12,"115.034,49",A1+
04-jun-25,Credicuotas Consumo,ARS,Tamar,"6,00%",12,"11.598,82",A1
04-jun-25,VISTA,USD - Int,Fija,"8,50%",96,"500,00",BB- (Fitch Ratings)
29-may-25,Banco de Servicios Financieros,ARS,Tamar,"6,00%",12,"16.236,98",A2
29-may-25,BBVA,USD Mep,Fija,"5,75%",12,"62,31",A1+
29-may-25,Pecom,USD Mep,Fija,"7,50%",24,"30,17",AA-
23-may-25,Banco de Galicia y Buenos Aires,USD Mep,Fija,"4,00%",7,"68,70",A-1 (Moody´s)
23-may-25,Banco de Galicia y Buenos Aires,USD Mep,Fija,"5,90%",12,"31,30",A-1 (Moody´s)
22-may-25,Comafi,ARS,Tamar,"3,50%",12,"11.585,00",A1+
22-may-25,Comafi,USD Mep,Fija,"4,50%",6,"35,45",A1+
22-may-25,Supervielle,USD Mep,Fija,"4,50%",6,"59,27",A-1 (Moody´s)
22-may-25,John Deere,USD Mep,Fija,"7,50%",24,"42,13",AA
22-may-25,Telecom,USD - Int,Fija,"9,25%",96,"800,00",B-RR3 (Moody´s)
22-may-25,Pluspetrol,USD - Int,Fija,"8,50%",84,"450,00",B3 (Moody´s) / BB (Fitch Ratings)
21-may-25,Toyota,ARS,Tamar,"3,75%",21,"14.000,00",AA+
21-may-25,Santander,ARS,Tamar,"3,25%",12,"65.840,00",A1+
21-may-25,Santander,ARS,TEM,"2,65%",6,"20.750,00",A1+
20-may-25,Pampa Energía,USD - Int,Fija,"7,88%",115,"340,00",B/RR3 (Fitch)
19-may-25,CNH Industrial Capital Argentina,USD Mep,Fija,"8,25%",24,"25,21",AA
15-may-25,YPF Energía Eléctrica,USD,Fija,"6,50%",24,"53,83",AAA
09-may-25,Supervielle,ARS,Tamar,"3,50%",6,"48.196,84",A-1 (Moody's)
08-may-25,Distribuidora de Electricidad de Mendoza,ARS,Tamar,"7,00%",12,"13.948,83",A2
08-may-25,Distribuidora de Electricidad de Mendoza,USD Mep,Fija,"8,00%",30,"12,33",A+
07-may-25,Galicia,USD - CCL,Fija,"0,00%",6,"128,03",A-1 (Moody's)
07-may-25,Arcor,ARS,Tamar,"2,74%",12,"33.329,19",A1+
07-may-25,Arcor,USD Mep,Fija,"6,75%",24,"68,42",AAA
06-may-25,YPF,USD Mep,Fija,"7,00%",24,"139,50",AAA (Fix SCR) / AAA (Moody´s)
29-abr-25,Pluspetrol,USD Mep,Fija,"7,25%",36,"90,72",AAA
29-abr-25,Comafi,USD Mep,Fija,"4,25%",3,"36,32",A1+
29-abr-25,Comafi,USD - CCL,Fija,"0,75%",6,"27,74",A1+
29-abr-25,Comafi,ARS,TEM,"2,70%",11,"6.001,56",A1+
29-abr-25,Banco de Galicia,ARS,TEM,"2,65%",6,"12.195,46",A-1 (Moody's)
29-abr-25,Banco de Galicia,ARS,Tamar,"3,50%",12,"53.701,76",A-1 (Moody's)
25-abr-25,Tarjeta Naranja,USD Mep,Fija,"7,90%",24,"32,68",AA
25-abr-25,Tarjeta Naranja,USD - CCL,Fija,"0,00%",6,"45,00",A1+
25-abr-25,Tarjeta Naranja,ARS,Tamar,"4,50%",12,"85.073,00",A1+
14-abr-25,MSU Agro,USD Mep,Fija,"8,50%",48,"34,88",A+
10-abr-25,Pan American Energy,USD - Linked,Fija,"2,00%",18,"200,00",AAA
04-abr-25,YPF,USD - Linked,Fija,"1,00%",14,"204,00",AAA
25-mar-25,IRSA,USD - Int,Fija,"8,00%",120,"300,45",AAA
10-mar-25,Banco de Valores,USD Mep,Fija,"7,50%",24,"30,00",AA+
10-mar-25,Banco Industrial,USD Mep,Fija,"4,75%",6,"37,26",A-1 (Moody's)
07-mar-25,Banco Columbia,ARS,Tamar,"4,99%",12,"18.877,78",A3
07-mar-25,Galicia,USD Mep,Fija,"4,75%",12,"69,89",A-1 (Moody´s)
06-mar-25,Pan American Energy,ARS,Tamar,"2,15%",12,"55.000,00",A-1 (Moody´s) / A1+ (Fix SCR)
06-mar-25,Supervielle,ARS,Tamar,"2,75%",12,"30.580,00",A-1 (Moody´s)
06-mar-25,Banco Comafi,ARS,Tamar,"2,85%",12,"22.175,00",A1+
06-mar-25,Pecom,USD Mep,Fija,"7,90%",48,"29,89",AA-
05-mar-25,Vista Energy,USD - CCL,Fija,"7,50%",60,"92,41",AAA (Fix SCR) / AAA (Moody´s)
05-mar-25,CGC,USD Mep,Fija,"7,00%",24,"27,63",AA- (Moody´s)
27-feb-25,PSA Finance Argentina,ARS,Tamar,"3,20%",12,"1.981,32",A1+
27-feb-25,Genneia,USD Mep,Fija,"6,50%",36,"27,76",AA+ (Moody´s) /  SVS
27-feb-25,SVS 360 Energy Solar,USD Mep,Fija,"8,75%",19,"15,00",A / BV1 (Fix SCR)
25-feb-25,YPF,USD Mep,Fija,"3,50%",6,"58,97",A1+ (Fix SCR) / A-1 (Moody´s)
25-feb-25,YPF,USD Mep,Fija,"6,25%",24,"139,89",AAA (Fix SCR) / AAA (Moody´s)
25-feb-25,River Plate,ARS,Tamar,"3,89%",24,"12.000,00",BS2+ (UNTREF)
24-feb-25,BBVA,ARS,Tamar,"2,75%",12,"57.002,87",A1+
24-feb-25,BBVA,USD Mep,Fija,"4,00%",8,"20,45",A1+
24-feb-25,BBVA,USD Cable,Fija,"3,50%",12,"16,51",A1+
24-feb-25,BBVA,ARS,Tamar,"2,75%",6,"9.062,73",A1+
20-feb-25,Arcor,ARS,Tamar,"2,40%",12,"60.000,00",A-1 (Moody´S)
20-feb-25,Empresa Distribuidora de Elec. de Salta,USD Mep,Fija,"8,50%",24,"22,49",A-
19-feb-25,Santander,ARS,Tamar,"2,75%",12,"70.092,00",A-1
19-feb-25,Banco Hipotecario,ARS,Tamar,"2,75%",12,"50.000,00",A1+
18-feb-25,Camuzzi Gas Pampeana,USD Mep,Fija,"7,95%",24,"70,00",A+
13-feb-25,Comafi,USD Mep,Fija,"0,25%",2,"65,00",A1+
12-feb-25,Petroquimica Comodoro Rivadavia,USD Mep,Fija,"8,00%",82,"65,00",AA
06-feb-25,Galicia,USD Mep,Fija,"4,15%",6,"73,82",A-1 (Moody's)
06-feb-25,Galicia,ARS,Tamar,"2,75%",12,"79.786,90",A-1 (Moody's)
06-feb-25,Pan American Energy,USD Cable,Fija,"6,50%",30,"120,00",AAA (Moody's) / AAA (Fix SCR)
05-feb-25,BST,USD,Fija,"5,75%",6,"21,08",A-1 (Moody's)
05-feb-25,Supervielle,ARS,Tamar,"2,75%",24,"50.974,09",A-1 (Moody's)
05-feb-25,Supervielle,USD Mep,Fija,"4,15%",6,"29,38",A-1 (Moody's)
04-feb-25,Banco CMF,ARS,Tamar,"3,25%",12,"10.250,00",A1
04-feb-25,Banco CMF,USD Mep,Fija,"4,50%",6,"19,38",A1
04-feb-25,Balanz,USD Mep,Fija,"5,00%",16,"15,00",A
04-feb-25,San Miguel,USD Mep,Fija,"9,50%",24,"16,27",A-
29-ene-25,Ledesma,USD Mep,Fija,"7,00%",30,"31,09",AA-
30-ene-25,Comafi,USD Mep,Fija,"2,00%",2,"11,46",A1+
30-ene-25,Comafi,USD Mep,Fija,"4,25%",6,"38,54",A1+
28-ene-25,Petrolera Aconcagua Energía,USD Mep,Fija,"9,00%",36,"29,52",A+
23-ene-25,Pluspetrol,USD Mep,Fija,"6,00%",36,"74,16",AAA
23-ene-25,Pluspetrol,USD Mep,Fija,"7,50%",60,"123,02",AAA
16-ene-25,Credicuotas Consumo,USD Mep,Fija,"7,00%",9,"18,20",A1
16-ene-25,Banco Mariva,USD Mep,Fija,"3,50%",3,"9,50",A-1
16-ene-25,Tecpetrol,USD - Int,Fija,"7,63%",96,"400,00",BB- (Fitch) / B3 (Moody's)
16-ene-25,Oiltanking,USD Mep,Fija,"7,00%",36,"28,31",AA
16-ene-25,Oiltanking,USD Mep,Fija,"8,00%",60,"35,23",AA
13-ene-25,Supervielle,USD Mep,Fija,"4,18%",7,"10,00",A-1
08-ene-25,YPF,USD - Int,Fija,"8,25%",108,"1.100,00",CCC/RR4 (Fitch+S&P)
20-dic-24,Galicia,ARS,Tamar,"2,70%",12,"35.088,75",A-1
19-dic-24,Credito Directo,ARS,Variable,"8,00%",12,"8.000,00",A3
19-dic-24,PSA Finance Argentina,ARS,Tamar,"2,74%",9,"11.655,56",A1+
19-dic-24,PSA Finance Argentina,ARS,Tamar,"3,25%",18,"8.344,44",AA
19-dic-24,Aeropuertos 2000,USD Mep,Fija,"5,50%",24,"28,76",AA+
18-dic-24,Comafi,USD Mep,Fija,"2,00%",3,"18,22",A1+
18-dic-24,Comafi,USD Mep,Fija,"4,50%",6,"11,97",A1+
18-dic-24,Banco Hipotecario,ARS,Tamar,"2,75%",12,"45.347,50",A1+
18-dic-24,CMF,USD Mep,Fija,"4,40%",6,"6,00",A1
18-dic-24,MSU Energy,USD Mep,Fija,"8,50%",48,"21,38",A / BV1
12-dic-24,Mastellone,USD Mep,Fija,"4,50%",6,"20,00",A-1 (Moody's)
09-dic-24,Raghsa,USD - Int,Fija,"8,50%",96,"48,71",Caa2 (Moody's)
09-dic-24,BBVA,ARS,Fija,"2,75%",9,"15.088,24",A1+
09-dic-24,BBVA,ARS,Fija,"2,74%",12,"37.706,73",A1+
09-dic-24,Pampa Energía,USD - Int,Fija,"7,88%",120,"360,00",B / RR3 (Fitch)
05-dic-24,Sidersa,USD Mep,Fija,"6,50%",24,"27,64",A+
04-dic-24,VISTA,USD - Int,Fija,"7,63%",132,"600,00",BB- (Fitch) / Caa2 (Moody's)
03-dic-24,Plaza Logística,USD Mep,Fija,"7,00%",42,"9,59",AA / BSVS
03-dic-24,Toyota,ARS,Variable,"5,99%",18,"20.000,00",AA+
02-dic-24,Galicia,ARS,Fija,"3,00%",4,"23.496,25",A1+
02-dic-24,Galicia,USD Mep,Fija,"4,25%",6,"97,75",A1+
28-nov-24,Empresa distribuidora de Electricidad de Mendoza,USD Mep,Fija,"8,00%",36,"16,09",A
28-nov-24,Empresa distribuidora de Electricidad de Mendoza,ARS,Variable,"7,00%",12,"17.048,35",A2
28-nov-24,FCA Compañía Financiera,UVA,Fija,"8,84%",30,"6,54",AA
28-nov-24,FCA Compañía Financiera,ARS,Fija,"33,60%",16,"7.500,00",AA
27-nov-24,Supervielle,USD Mep,Fija,"4,70%",5,"30,00",A-1
26-nov-24,Credicuotas,ARS,Variable,"7,00%",12,"7.990,00",A1
26-nov-24,Credicuotas,ARS,Fija,"41,00%",6,"22.010,00",A1
26-nov-24,Telecom,USD Mep,Fija,"7,00%",48,"75,25",AA+ (Moody's) / AA+ (Fix)
25-nov-24,MSU Energy,USD - Int,Fija,"9,75%",72,,CCC/RR2 (Fitch)
25-nov-24,MSU Energy,USD - Int,Fija,"9,75%",72,"176,65",CCC/RR2 (Fitch)
25-nov-24,Banco de Servicios Financieros,ARS,Variable,"7,00%",12,"14.055,00",A2
25-nov-24,Rizobacter,USD Mep,Fija,"8,00%",24,"23,53",A+
25-nov-24,Rizobacter,USD - Linked,Fija,"7,00%",36,"23,53",A+
20-nov-24,BACS,ARS,Variable,"5,98%",12,"20.000,00",A1+
20-nov-24,YPF Luz,USD Mep,Fija,"5,25%",24,"49,02",AAA
20-nov-24,YPF Luz,USD Mep,Fija,"6,75%",48,"50,98",AAA
13-nov-24,Cresud,USD Mep,Fija,"7,00%",48,"64,42",AA+
11-nov-24,Pan American Energy,USD Mep,Fija,"7,25%",84,"78,10",AAA (Moody's) / AAA (Fitch)
11-nov-24,Pan American Energy,USD Mep,Fija,"6,25%",48,"74,17",AAA (Moody's) / AAA (Fitch)
08-nov-24,CNH Industrial Capital Argentina,USD Mep,Fija,"6,00%",24,"17,01",AA
08-nov-24,CNH Industrial Capital Argentina,USD Mep,Fija,"7,50%",48,"11,06",AA
07-nov-24,GEMSA - CTR,USD - Int,Fija,"11,00%",84,"3,71",Caa3 (Moody's) / CCC/RR3 (Fitch)
07-nov-24,Minera Exar,USD Mep,Fija,"8,00%",36,"50,00",AA (Moody's) / AA (Fix)
05-nov-24,GEMSA - CTR,USD - Linked,Fija,"11,00%",84,,
05-nov-24,GEMSA - CTR,USD Mep,Fija,"11,00%",84,,
05-nov-24,GEMSA - CTR,USD - Linked,Fija,"11,00%",84,,
05-nov-24,GEMSA - CTR,USD Mep,Fija,"11,00%",84,,
04-nov-24,Surcos,ARS,Fija,"44,00%",9,"3.078,40",A2
04-nov-24,Surcos,USD Mep,Fija,"9,00%",30,"1,58",A-
04-nov-24,Surcos,USD Linked,Fija,"9,00%",24,"15,19",A- / BVS2
01-nov-24,Galicia,USD Mep,Fija,"2,00%",6,"83,48",A1+
31-oct-24,BST,USD Mep,Fija,"0,25%",3,"12,00",A-1
30-oct-24,Oiltanking,USD Mep,Fija,"7,00%",48,"35,53",AA
29-oct-24,Crown Point Energia,USD Mep,Fija,"9,50%",36,"22,00",A+
29-oct-24,Comafi,USD Mep,Fija,"0,00%",3,"16,63",A1+
29-oct-24,Comafi,USD Mep,Fija,"0,50%",3,"87,54",A1+
28-oct-24,360 Energy Solar,USD Mep,Fija,"8,00%",36,"22,28",A / BV1
24-oct-24,GEMSA - CTR,USD - Int,Fija,"11,00%",84,"209,26",Caa3 (Moody's) / CCC/RR3 (Fitch)
24-oct-24,GEMSA - CTR,USD - Int,Fija,"11,00%",84,"141,00",Caa3 (Moody's) / CCC/RR3 (Fitch)
24-oct-24,Telecom,USD - Int,Fija,"9,50%",84,"200,00",B / RR3
24-oct-24,Petrolera Aconcagua Energía,USD Mep,Fija,"9,00%",48,"30,62",A+
24-oct-24,Petrolera Aconcagua Energía,USD Linked,Fija,"8,00%",48,"18,16",A+
23-oct-24,Generación Litoral,USD Mep,Fija,"10,75%",52,"14,95",A+
23-oct-24,Edenor,USD - Int,Fija,"9,75%",72,"135,00",CCC+ (Fitch) / CCC (S&P)
22-oct-24,Tecpetrol,USD Mep,Fija,"5,00%",36,"67,43",AAA
22-oct-24,Tecpetrol,USD Mep,Fija,"6,80%",52,"80,54",AAA
21-oct-24,IRSA,USD Mep,Fija,"7,25%",60,"51,47",AA+
21-oct-24,IRSA,USD Mep,Fija,"5,75%",36,"15,80",AA+
18-oct-24,Edenor,USD - Int,Fija,"9,75%",72,"135,00",CCC+ (Fitch) / CCC (S&P)
18-oct-24,Petroquimica Comodoro Rivadavia,USD Mep,Fija,"6,75%",48,"46,02",AA
17-oct-24,Volkswagen,ARS,Variable,"5,75%",12,"15.974,96",A1+
16-oct-24,John Deere,USD Mep,Fija,"5,00%",24,"28,66",AA
16-oct-24,John Deere,USD Mep,Fija,"6,50%",48,"16,41",AA
15-oct-24,Genneia,USD Mep,Fija,"6,00%",48,"48,35",AA / SVS
15-oct-24,ICBC,ARS,Variable,"5,00%",12,"7.525,00",A-1
09-oct-24,YPF Luz,USD - Int,Fija,"7,88%",96,"420,00",Caa3 (Moody's) / CCC (S&P)
09-oct-24,San Miguel,USD Mep,Fija,"9,50%",24,"18,04",A-
09-oct-24,San Miguel,USD Linked,Fija,"7,00%",21,"28,21",A- / BVS2
08-oct-24,CGC,USD Mep,Fija,"6,50%",36,"68,26",AA-
08-oct-24,Vista,USD Mep,Fija,"7,55%",84,"150,00",AAA
07-oct-24,YPF,USD Mep,Fija,"7,00%",48,"25,00",AAA
07-oct-24,YPF,USD Mep,Fija,"6,50%",48,"125,00",AAA
07-oct-24,Inversora Juramento,USD Mep,Fija,"6,00%",15,"20,00",SC
07-oct-24,Cohen,USD Mep,Fija,"6,25%",24,"8,91",A-
03-oct-24,Galicia,USD - Int,Fija,"7,75%",48,"325,00",Caa3 (Moody's) / CCC (S&P)
03-oct-24,YPF,USD - Int,Fija,"9,75%",84,"0,46",Caa3 (Moody's) / CCC (S&P)
02-oct-24,Arcor,ARS,Variable,"4,99%",12,"40.000,00",A1+
02-oct-24,Grupo ST,USD Mep,Fija,"7,00%",9,"7,66",A1+
02-oct-24,Pampa Energía,USD Mep,Fija,"5,75%",48,"83,98",AA+
25-sep-24,Credicuotas Consumo,ARS,Variable,"8,00%",9,"11.371,20",A1
25-sep-24,PAE,USD Mep,Fija,"4,97%",36,"176,94",AAA
25-sep-24,PAE,USD Mep,Fija,"7,00%",60,"23,06",AAA
18-sep-24,BBVA,ARS,Variable,"5,00%",9,"24.500,00",A1+
17-sep-24,Galicia,ARS,Variable,"3,95%",5,"42.106,85",A1+
17-sep-24,Galicia,ARS,Variable,"4,50%",4,"9.256,96",A1+
16-sep-24,BST,ARS,Variable,"6,50%",9,"12.040,00",A-1
05-sep-24,Pampa Energía,USD - Int,Fija,"7,95%",84,"410,00",B / RR3 (Fitch Ratings) - CCC (S&P)
04-sep-24,YPF,USD - Int,Fija,"8,75%",84,"500,00",Caa3 (Moody's) / CCC (S&P)
02-sep-24,Petrolera Aconcagua Energía,ARS,Variable,"8,00%",12,"19.313,59",A1
27-ago-24,ICBC,ARS,Variable,"5,00%",36,"37.393,00",A-
26-ago-24,Albanesi Energia,USD Linked,Fija,"6,75%",42,"0,21",A
26-ago-24,Albanesi Energia,USD Linked,Fija,"6,75%",36,"3,80",A
26-ago-24,Albanesi Energia,USD,Fija,"9,75%",36,"5,04",A
26-ago-24,Albanesi Energia,USD Linked,Fija,"6,75%",36,"1,47",A
26-ago-24,Albanesi Energia,USD Linked,Fija,"6,75%",42,"0,92",A
15-ago-24,Banco Comfi,USD Linked,Fija,"0,00%",3,"15,45",A1+
15-ago-24,Banco Comfi,USD Mep,Fija,"1,00%",7,"5,00",A1+
15-ago-24,Banco Comfi,USD Mep,Fija,"1,00%",12,"28,39",A1+
07-ago-24,Crown Point Energia,USD Linked,Fija,"8,00%",18,"7,18",BBB+
06-ago-24,Galicia,ARS,Variable,"4,50%",6,"35.384,00",A1+
06-ago-24,Celulosa,USD Mep,Fija,"8,00%",18,"3,70",BBB+
06-ago-24,Celulosa,USD Linked,Fija,"7,00%",18,"11,30",BBB+
05-ago-24,Telecom,USD Linked,Fija,"2,00%",18,"33,69",AA+
01-ago-24,Edenor,USD Mep,Fija,"9,50%",48,"81,92",A
01-ago-24,Edenor,ARS,Variable,"7,00%",12,"17.313,35",A1
31-jul-24,Supervielle,ARS,Variable,"5,25%",12,"20.877,78",A1
24-jul-24,Telecom,USD - Int,Fija,"9,50%",83,"115,26",B/RR3
25-jul-24,San Miguel,USD Linked,Fija,"7,00%",24,"24,73",A- / BVS2
25-jul-24,San Miguel,USD Mep,Fija,"9,00%",24,"7,30",A- / BVS2
19-jul-24,MSU,USD Mep,Fija,"7,50%",36,"33,50",A+ (Fix) / A+ (Moody's)
15-jul-24,Cresud,USD Linked,Fija,"1,50%",36,"28,55",AA+
12-jul-24,PCR,USD Linked,Fija,"1,50%",36,"34,98",AA
11-jul-24,Telecom,USD - Int,Fija,"9,50%",84,"500,00",B/RR3
10-jul-24,CGC,USD Linked,Fija,"3,00%",19,"25,41",AA-
04-jul-24,Vista,USD Linked,Fija,"3,00%",48,"53,20",AAA (Fix) / AAA (Moody's)
03-jul-24,Capex,USD Linked,Fija,"0,00%",36,"55,60",AA
02-jul-24,PAE,USD Linked,Fija,"0,00%",36,"75,00",AAA
01-jul-24,John Deere,USD Linked,Fija,"0,00%",18,"30,00",AA
27-jun-24,Lipsa,USD Mep,Fija,"9,00%",24,"12,00",A (Fix) / A (Moody's)
26-jun-24,Genneia,USD Linked,Fija,"2,00%",24,"60,00",AA
26-jun-24,CGC,USD Linked,Fija,"3,00%",24,"149,58",AA-
26-jun-24,Rizobacter,USD Linked,Fija,"5,00%",24,"12,98",A+
26-jun-24,Rizobacter,USD Mep,Fija,"7,50%",24,"7,02",A+
25-jun-24,YPF,USD Linked,Fija,"1,00%",24,"185,00",AAA
13-jun-24,Oleaductos del Valle,USD Linked,Fija,"3,00%",24,"75,00",AAA
11-jun-24,YPF Luz,USD Linked,Fija,"2,00%",30,"97,52",AAA
11-jun-24,YPF Luz,USD Mep,Fija,"5,90%",36,"10,20",AAA
11-jun-24,Aluar,USD Mep,Fija,"6,00%",24,"50,00",AAA
10-jun-24,Telecom,USD Linked,Fija,"5,00%",24,"21,57",AA+ (Moody's)  / AA+ (Fix)
06-jun-24,Arcor,ARS,Variable,"4,25%",12,"65.681,20",A1+ (Fix) / A-1 (Moody's)
05-jun-24,IRSA,USD Mep,Fija,"6,00%",24,"23,02",AA+
05-jun-24,IRSA,ARS,Variable,"4,50%",12,"17.012,71",A1+
05-jun-24,Plaza Logística,UVA,Fija,"2,49%",36,"5,22",AA-
05-jun-24,Plaza Logística,ARS,Variable,"5,00%",12,"8.124,83",A1
04-jun-24,Telecom,USD Linked,Fija,"5,00%",24,"59,73",AA+
04-jun-24,Balanz,USD Mep,Fija,"5,00%",24,"35,00",
03-jun-24,GEMSA - CTR,USD - Int,Step Up,"12,50%",36,"21,20",A
27-may-24,GEMSA - CTR,USD Mep,Step Up,"9,50%",24,"11,08",A
27-may-24,GEMSA - CTR,ARS,Variable,"10,00%",12,"1.109,15",A2
27-may-24,GEMSA - CTR,UVA,Fija,"5,00%",24,"2,83",A
27-may-24,GEMSA - CTR,UVA,Fija,"5,00%",24,"1,89",A
27-may-24,John Deere,USD Mep,Fija,"6,00%",24,"23,90",AA
27-may-24,John Deere,ARS,Variable,"4,20%",12,"10.000,00",A1
27-may-24,GEMSA - CTR,USD - Int,Step Up,"12,50%",36,"38,80",A
24-may-24,Banco Comafi,USD Mep,Step Up,"1,00%",6,"10,75",A1+
24-may-24,Banco Comafi,USD - CCL,Fija,"1,00%",6,"23,14",A1+
23-may-24,YPF,USD Mep,Fija,"6,00%",24,"177,72",AAA
14-may-24,Celulosa,USD Mep,Fija,"9,25%",48,"34,87",BBB+
14-may-24,Celulosa,ARS,Variable,"6,99%",12,"4.533,45",A2
10-may-24,Pampa Energía,USD - CCL,Fija,"6,00%",23,"52,52",AA+
07-may-24,Newsan,ARS,Variable,"6,00%",12,"13.060,71",A-1
06-may-24,CFN,ARS,Variable,"7,00%",12,"5.956,68",A2
02-may-24,EDEMSA,UVA,Fija,"5,00%",24,"31,93",A
02-may-24,EDEMSA,ARS,Variable,"7,00%",12,"6.607,01",A2
02-may-24,Inversora Juramento,ARS,Variable,"3,00%",12,"30.000,00",A2
30-abr-24,Vista Oil & Gas (Adicionales),USD - CCL,Fija,"6,50%",34,"32,20",AAA
30-abr-24,Vista Oil & Gas,USD - CCL,Fija,"8,00%",60,"46,56",AAA
25-abr-24,Pan American Energy (int),USD - Int,Fija,"8,50%",96,"400,00",BB- / Caa1
25-abr-24,Capex,USD Mep,Fija,"5,95%",26,"47,35",AA
22-abr-24,Oiltanking,USD Mep,Fija,"7,00%",36,"32,95",AA
18-abr-24,Cresud,USD - CCL,Fija,"6,00%",30,"10,20",AA+
18-abr-24,Tecpetrol,USD Mep,Fija,"5,98%",24,"120,00",AAA
09-abr-24,Raghsa,USD Mep,Fija,"5,98%",24,"10,00",AA-
26-mar-24,Edenor,ARS,Variable,"3,00%",11,"20.820,94",A1 (Fix) / BBB+ (Moody's)
22-mar-24,Pampa Energía,USD - CCL,Fija,"6,00%",24,"55,17",AA+
19-mar-24,Aluar,USD - CCL,Fija,"6,25%",36,"100,00",AAA
08-mar-24,MSU Energy,ARS,Variable,"3,00%",10,"7.831,11",A1
08-mar-24,MSU Energy,USD Mep,Fija,"8,25%",24,"13,99",A+
07-mar-24,GEMSA - CTR,USD Mep,Fija,"9,50%",24,"5,55",A
07-mar-24,GEMSA - CTR,ARS,Variable,"5,00%",12,"1.696,42",A2
07-mar-24,GEMSA - CTR,UVA,Variable,"0,00%",36,"6,04",A
07-mar-24,GEMSA - CTR,USD Linked,Fija,"5,00%",16,"1,91",A
06-mar-24,Genneia,USD Mep,Fija,"6,25%",36,"20,70",AA
06-mar-24,Genneia,USD Linked,Fija,"5,00%",24,"12,50",AA
06-mar-24,Plaza Logística,UVA,Variable,"0,00%",24,"13,29",AA-
05-mar-24,Edenor,ARS,Variable,"3,00%",12,"3.577,35",BBB+
05-mar-24,Edenor,USD Mep,Fija,"9,75%",32,"95,76",A1
05-mar-24,John Deere,USD Linked,Fija,"7,50%",24,"24,49",AA
04-mar-24,Vista Oil & Gas,USD - CCL,Fija,"6,50%",36,"60,00",AAA
01-mar-24,Banco CMF,ARS,Variable,"3,50%",6,"10.024,00",A1
28-feb-24,Petrolera Comodora Rivadavia,ARS,Variable,"0,00%",12,"21.065,00",A1+
28-feb-24,CNH Industrial Capital Argentina,USD Linked,Fija,"7,50%",24,"53,30",AA
27-feb-24,Pan American Energy,USD - CCL,Fija,"5,70%",24,"13,41",AAA
27-feb-24,Petrolera Aconcagua Energía,USD Linked,Fija,"7,50%",36,"13,41",A+
27-feb-24,Petrolera Aconcagua Energía,USD Mep,Fija,"8,50%",36,"9,07",A+
27-feb-24,Petrolera Aconcagua Energía,USD Mep,Fija,"9,50%",48,"4,44",A+
26-feb-24,Pampa Energía,ARS,Variable,"-1,00%",12,"17.131,25",A1+
26-feb-24,IRSA,USD Mep,Fija,"7,00%",36,"21,41",AA+
26-feb-24,IRSA,ARS,Variable,"0,99%",12,"26.203,85",AA+
23-feb-24,Santander,ARS,Variable,"2,50%",6,"37.941,58",A1+
23-feb-24,YPF,USD Linked,Fija,"3,00%",36,"18,04",AAA
23-feb-24,YPF Luz,USD Mep,Fija,"6,00%",36,"11,29",AAA
22-feb-24,BST,ARS,Variable,"2,00%",12,"3.392,47",A-2
22-feb-24,Surcos,USD Linked,Fija,"7,00%",24,"3,61",A-
22-feb-24,Surcos,ARS,Variable,"6,00%",12,"745,00",A2
21-feb-24,CGC,USD Linked,Fija,"4,00%",24,"21,46",AA-
21-feb-24,CGC,USD Mep,Fija,"7,00%",24,"38,54",AA-
15-feb-24,Banco Hipotecario,ARS,Variable,"3,00%",6,"10.401,00",A-1
15-feb-24,Grupo ST,ARS,Variable,"3,00%",24,"1.743,80",A-
15-feb-24,Grupo ST,USD Linked,Fija,"6,00%",24,"8,40",A-
08-feb-24,Albanesi Energia,USD Linked,Fija,"6,50%",24,"5,56",A
08-feb-24,Albanesi Energia,USD Mep,Fija,"9,00%",30,"11,63",A
08-feb-24,Albanesi Energia,ARS,Variable,"5,00%",12,"4.601,46",A2
07-feb-24,Plaza Logística,ARS,Variable,"-0,98%",12,"3.994,44",A1
31-ene-24,Banco de Servicios Financieros,ARS,Variable,"4,00%",12,"10.000,00",A-1
30-ene-24,Newsan,ARS,Variable,"3,75%",12,"12.000,00",A2
15-ene-24,Galicia,ARS,Variable,"2,00%",6,"24.727,78",A1+
11-ene-24,Cresud,USD Mep,Fija,"6,00%",36,"39,77",AA+
11-ene-24,Cresud,ARS,Variable,"0,00%",12,"19.886,02",A1+
10-ene-24,YPF,USD - Int,Fija,"9,50%",84,"800,00",Caa3
05-dic-23,Generación Mediterranea y CT Roca,USD,Fija,"9,50%",28,"3,67",A
05-dic-23,Generación Mediterranea y CT Roca,USD Linked,Fija,"6,50%",28,"0,73",A
05-dic-23,Generación Mediterranea y CT Roca,USD Linked,Fija,"6,50%",28,"26,98",A
05-dic-23,Crown Point Energia,USD Linked,Fija,"5,00%",20,"6,00",BBB+
05-dic-23,Telecom,USD Linked,Fija,"0,00%",36,"30,91",AA+
04-dic-23,Vista Oil & Gas,USD,Fija,"5,00%",30,"14,67",AAA
08-nov-23,PAE,USD,Fija,"2,99%",27,"20,00",AAA
01-nov-23,Tarjeta Naranja,ARS,Variable,"5,00%",12,"27.381,32",A1
01-nov-23,Loma Negra,USD,Fija,"6,00%",30,"10,00",AAA
30-oct-23,Banco Macro,USD,Fija,"5,00%",12,"53,00",A-1
11-oct-23,PAE,USD,Fija,"4,95%",24,"20,00",AAA
11-oct-23,Newsan,ARS,Variable,"3,00%",12,"4.000,00",A-1
11-oct-23,Newsan,ARS,Variable,"0,00%",12,"2.337,33",A-1
11-oct-23,Central Puerto,USD,Fija,"10,00%",24,"50,00",AA-
11-oct-23,MSU,USD Linked,Fija,"1,00%",36,"92,41",A-/BV1
11-oct-23,MSU,USD Linked,Fija,"4,50%",120,"22,43",A-/BV1
10-oct-23,Generación Mediterranea y CT Roca,USD,Fija,"9,50%",30,"4,51",A
10-oct-23,Generación Mediterranea y CT Roca,UVA,Variable,"5,00%",42,"418,49",A
10-oct-23,Generación Mediterranea y CT Roca,UVA,Variable,"5,00%",42,"10.846,46",A
10-oct-23,Generación Mediterranea y CT Roca,USD Linked,Fija,"6,50%",30,"12,27",A
10-oct-23,Generación Mediterranea y CT Roca,USD Linked,Fija,"6,50%",30,"23,62",A
10-oct-23,Aluar,USD,Fija,"7,00%",60,"137,90",AAA
10-oct-23,PAE,USD Linked,Fija,"1,00%",58,"60,00",AAA
10-oct-23,Volkswagen,ARS,Variable,"4,50%",12,"10.000,00",A1+
05-oct-23,YPF,USD Linked,Fija,"0,00%",36,"127,90",AAA (Fix) / AA+ (Moodys)
03-oct-23,Arcor,ARS,Variable,"3,49%",12,"17.000,00",A1+
28-sep-23,San Miguel,USD Linked,Fija,"5,00%",21,"33,60",A- / BVS2
20-sep-23,PCR,USD Linked,Fija,"0,00%",48,"60,00",AA-
19-sep-23,Albanesi Energia,USD Linked,Fija,"5,00%",24,"36,84",A
19-sep-23,Albanesi Energia,USD,Fija,"9,50%",30,"6,73",A
12-sep-23,Petrolera Aconcagua Energía,USD Linked,Fija,"0,00%",36,"10,11",A
12-sep-23,Petrolera Aconcagua Energía,USD Linked,Fija,"3,40%",48,"19,89",A
12-sep-23,Central Puerto,USD,Fija,"7,00%",36,"37,23",AA-
07-sep-23,YPF,USD Linked,Fija,"0,00%",60,"400,00",AAA (Fix) / AA+ (Moodys)
07-sep-23,Loma Negra,USD,Fija,"7,49%",30,"55,00",AAA
05-sep-23,Capex,USD Linked,Fija,"0,00%",36,"30,68",AA-
05-sep-23,historia,USD Linked,Fija,"0,00%",48,"39,32",AA-
05-sep-23,Pampa Energía,USD,Fija,"5,00%",24,"72,08",AA+
05-sep-23,Boldt,USD,Fija,"10,00%",30,"5,00",A-
18-ago-23,Capex,USD,Fija,"9,25%",60,"188,80",
09-ago-23,Vista Oil & Gas,USD Linked,Fija,"0,99%",60,"70,00",AAA
04-ago-23,Toyota,ARS,Variable,"2,74%",18,"3.000,00",AA+
03-ago-23,Pan American Enery,USD Linked,Fija,"1,00%",60,"60,00",AAA
03-ago-23,Pan American Enery,ARS,Variable,"2,50%",12,"3.625,39",A1+
27-jul-23,Ledesma,ARS,Variable,"4,00%",24,"7.000,00",AA-
26-jul-23,Plaza Logística,USD Linked,Fija,"0,00%",36,"20,00",AA-
25-jul-23,Tarjeta Naranja,ARS,Variable,"5,00%",12,"12.072,09",A1
20-jul-23,Telecom,USD Linked,Fija,"0,00%",24,"180,42",AA+
19-jul-23,GEMSA - CTR,USD,Fija,"9,50%",30,"9,16",A
19-jul-23,GEMSA - CTR,USD Linked,Fija,"5,00%",24,"15,33",A
18-jul-23,Newsan,ARS,Variable,"6,00%",12,"1.774,36",A-1
18-jul-23,Newsan,ARS,Variable,"4,00%",12,"4.992,01",A-1
18-jul-23,Red Surcos,USD Linked,Fija,"1,00%",24,"11,29",A-
18-jul-23,Crown Point Energia,USD Linked,Fija,"5,00%",24,"7,48",BBB+
13-jul-23,MSU,USD,Fija,"6,50%",36,"25,00",A+
12-jul-23,Genneia,USD Linked,Fija,"2,00%",60,"30,00",AA-
12-jul-23,Genneia,USD,Fija,"5,50%",24,"10,87",AA-
12-jul-23,Genneia,USD Linked,Fija,"0,00%",36,"20,91",AA-
12-jul-23,AES,USD,Fija,"8,00%",24,"30,51",AA-
12-jul-23,Lipsa,USD Linked,Fija,"1,00%",24,"19,12",A
11-jul-23,Tecpetrol,ARS,Variable,"3,00%",18,"21.137,88",AAA
06-jul-23,Oleaductos del Valle,USD Linked,Fija,"0,00%",48,"60,00",AAA
03-jul-23,AA 2000,USD Linked,Fija,"0,00%",37,"2,71",AA
03-jul-23,AA 2000,USD Linked,Fija,"0,00%",24,"25,65",AA
28-jun-23,Agrofina,USD Linked,Fija,"3,00%",24,"14,00",A-
23-jun-23,YPF,USD,Fija,"5,00%",31,"138,00",AAA
22-jun-23,San Miguel,USD Linked,Fija,"5,00%",24,"55,00",A-
22-jun-23,Pan American Energy,ARS,Variable,"2,74%",20,"23.692,62",AAA
21-jun-23,PYME Metalfor,USD Linked,Fija,"2,00%",24,"19,84",A
15-jun-23,Loma Negra,USD,Fija,"6,50%",30,"71,72",AAA
14-jun-23,BST,ARS,Variable,"5,70%",12,"2.107,00",A-2
08-jun-23,YPF,USD,Fija,"5,00%",32,"125,00",AAA
07-jun-23,CGC,USD Linked,Fija,"0,00%",36,"52,38",AA-
07-jun-23,CGC,USD,Fija,"6,00%",30,"12,90",AA-
07-jun-23,Oleaductos del Valle,USD Linked,Fija,"0,00%",34,"21,16",AAA
07-jun-23,Oleaductos del Valle,USD Linked,Fija,"1,00%",60,"43,32",AAA
05-jun-23,Generación Litoral,USD Linked,Fija,"4,00%",58,"18,58",A+
05-jun-23,Generación Litoral,USD Linked,Fija,"6,50%",118,"31,00",A+
02-jun-23,Toyota,ARS,Variable,"1,23%",22,"2.500,00",AA+
02-jun-23,IRSA,USD,Fija,"5,00%",30,"25,00",AA+
01-jun-23,Telecom,USD Linked,Fija,"0,00%",36,"87,40",AA+
01-jun-23,Credicuotas,ARS,Variable,"6,00%",12,"2.494,19",A2
01-jun-23,Credicuotas,ARS,Variable,"7,00%",18,"1.530,55",A-
01-jun-23,Vista Oil & Gas,USD Linked,Fija,"0,00%",26,"13,50",AAA
30-may-23,Plaza Logística,ARS,Variable,"3,00%",12,"3.674,31",AA-
23-may-23,CNH Industrial Capital Argentina,USD Linked,Fija,"0,00%",24,"36,38",AA
23-may-23,Vista Oil & Gas,USD Linked,Fija,"0,00%",36,"40,82",AAA
17-may-23,Arcor,USD,Fija,"3,50%",30,"77,00",AAA(Fix) / AA(Moodys)
16-may-23,Newsan,ARS,Variable,"5,75%",12,"5.135,75",A-1
11-may-23,Petroquimica Comodoro Rivadavia,USD Linked,Fija,"0,50%",36,"18,00",AA-
11-may-23,Petroquimica Comodoro Rivadavia,ARS,Variable,"2,97%",12,"2.285,08",A1+
11-may-23,Petroquimica Comodoro Rivadavia,USD Linked,Fija,"0,00%",24,"24,80",AA-
10-may-23,Arcor,ARS,Variable,"0,99%",12,"8.459,68",A1+
10-may-23,Arcor,ARS,Variable,"3,95%",24,"13.540,32",AAA
09-may-23,EDESA,USD Linked,Fija,"5,00%",24,"30,00",A-
09-may-23,CFN,ARS,Variable,"6,00%",12,"3.454,14",A2
08-may-23,Agrality,USD Linked,Fija,"0,00%",24,"10,00",A
28-abr-23,Pampa Energía,USD,Fija,"4,99%",30,"55,74",AA+
28-abr-23,Pampa Energía,ARS,Variable,"2,00%",12,"5.980,32",A1+
25-abr-23,Aluar,USD Linked,Fija,"0,00%",60,"100,00",AAA
25-abr-23,Celulosa,USD Linked,Fija,"9,50%",27,"10,30",BBB
24-abr-23,Inversora Juramento,ARS,Variable,"4,00%",15,"20,00",A2
21-abr-23,FyO,USD Linked,Fija,"0,00%",24,"20,00",AA-
20-abr-23,YPF,ARS,Variable,"3,00%",15,"3.272,64",AAA / AA+
20-abr-23,YPF,USD Linked,Fija,"0,00%",24,"147,39",AAA / AA+
20-abr-23,YPF,USD Linked,Fija,"1,00%",48,"37,52",AAA / AA+
20-abr-23,Raghsa,USD,Fija,"8,25%",84,"56,78",Caa2
14-abr-23,Oleaductos del Valle,USD Linked,Fija,"0,00%",36,"50,00",AAA
13-abr-23,Generación Mediterranea,USD,Fija,"9,50%",27,"19,36",A-
13-abr-23,Generación Mediterranea,USD Linked,Fija,"5,50%",24,"25,94",A-
12-abr-23,Petrolera Aconcagua Energía,USD Linked,Fija,"3,00%",36,"26,39",A
12-abr-23,Petrolera Aconcagua Energía,USD Linked,Fija,"4,50%",48,"9,85",A
11-abr-23,Red Surcos,USD Linked,Fija,"0,00%",36,"11,98",A-/BVS2
30-mar-23,CT Barragán,USD Linked,Fija,"0,00%",36,"50,00",A+
29-mar-23,Cresud,ARS,Variable,"3,00%",18,"4.147,33",AA+
29-mar-23,Cresud,USD Linked,Fija,"0,00%",37,"30,05",AA+
17-mar-23,Credicuotas Consumo,ARS,Variable,"4,75%",12,"3.614,94",A2
13-mar-23,Morixe,ARS,Variable,"4,00%",18,"1.500,00",A-
10-mar-23,Pan American Energy,ARS,Variable,"0,00%",12,"3.629,78",AAA
10-mar-23,Pan American Energy,ARS,Variable,"2,74%",24,"16.370,22",AAA
06-mar-23,360 Energy,USD Linked,Fija,"0,00%",24,"20,00",A
06-mar-23,360 Energy,USD Linked,Fija,"5,00%",108,"60,00",A
03-mar-23,Garantizada Generación Litoral,USD Linked,Fija,"4,00%",60,"6,31",A
03-mar-23,Garantizada Generación Litoral,USD Linked,Fija,"6,50%",120,"84,00",A
02-mar-23,Edenor,USD,Fija,"9,75%",20,"30,00",BBB
02-mar-23,Pampa Energía,USD Linked,Fija,"0,00%",69,"48,18",AA
02-mar-23,Pampa Energía,ARS,Variable,"2,00%",16,"7.885,05",AA
02-mar-23,San Miguel,USD Linked,Fija,"3,50%",20,"12,19",A/BVS2
01-mar-23,Vista Oil & Gas,USD Linked,Fija,"0,00%",48,"16,46",AAA
01-mar-23,Vista Oil & Gas,USD Linked,Fija,"1,00%",60,"118,54",AAA
01-mar-23,Oiltanking,USD Linked,Fija,"0,00%",36,"50,00",AA
01-mar-23,Banco de Servicios Financieros,ARS,Variable,"4,50%",12,"2.162,50",A2
23-feb-23,Capex,USD Linked,Fija,"0,00%",36,"22,43",AA-
23-feb-23,Capex,USD Linked,Fija,"0,00%",48,"17,57",AA-
16-feb-23,Loma Negra,ARS,Variable,"2,00%",18,"25.636,25",AAA
13-feb-23,PCR,ARS,Variable,"3,00%",18,"7.439,99",AA-
09-feb-23,Newsan,ARS,Variable,"4,40%",12,"5.000,00",A-1
09-feb-23,Telecom,USD Linked,Fija,"1,00%",60,"62,39",AA+
09-feb-23,Albanesi Energia,ARS,Variable,"5,00%",12,"388,55",A2
09-feb-23,Albanesi Energia,UVA,Variable,"3,80%",36,"6.225,87",A-
08-feb-23,YPF Luz,USD Linked,Fija,"0,00%",18,"130,00",AAA
08-feb-23,YPF Luz,USD Linked,Fija,"0,00%",24,"20,00",AAA
08-feb-23,Genneia,USD Linked,Fija,"4,50%",120,"73,43",AA-
26-ene-23,IRSA,USD,Fija,"8,00%",25,"61,75",AA
26-ene-23,IRSA,USD,Fija,"7,00%",30,"28,25",AA
18-ene-23,Petrolera Aconcagua Energía,USD Linked,Fija,"5,50%",36,"15,00",A-
17-ene-23,CGC,USD Linked,Fija,"1,00%",48,"42,27",AA-
12-ene-23,Tecpetrol,ARS,Variable,"2,00%",18,"32.897,90",AAA
10-ene-23,MSU,USD,Fija,"7,50%",24,"15,10",A+
09-ene-23,Pampa Energía,ARS,Variable,"2,00%",18,"10.378,68",AA
05-ene-23,YPF,USD Linked,Fija,"1,00%",36,"230,00",AAA
05-ene-23,YPF,ARS,Variable,"3,00%",18,"12.488,62",AAA
19-dic-22,Richmond,ARS,Variable,"5,00%",15,"1.005,01",A
16-dic-22,Cresud,USD Linked,Fija,"0,00%",48,"38,21",AA
15-dic-22,Lipsa,USD Linked,Fija,"3,00%",24,"5,75",A
15-dic-22,Pampa Energía,USD Linked,Fija,"0,00%",60,"49,85",AA
12-dic-22,CT Barragán,USD Linked,Fija,"0,00%",30,"58,58",A+
05-dic-22,Agrofina,USD Linked,Fija,"3,00%",36,"12,57",A-
05-dic-22,Petroquimica Comodoro Rivadavia,USD Linked,Fija,"0,50%",48,"60,00",AA-
02-dic-22,Vista Oil & Gas,USD,Fija,"4,00%",37,"13,50",AA+
02-dic-22,Vista Oil & Gas,USD Linked,Fija,"0,00%",42,"63,45",AAA
02-dic-22,Vista Oil & Gas,USD Linked,Fija,"0,00%",48,"39,12",AAA
01-dic-22,Refi Pampa,USD Linked,Fija,"3,00%",36,"15,00",BBB+
24-nov-22,San Miguel,USD Linked,Fija,"3,50%",24,"37,81",A/BVS2
23-nov-22,Disal,USD Linked,Fija,"0,00%",24,"4,28",A
23-nov-22,Disal,USD Linked,Fija,"5,50%",60,"4,28",A
10-nov-22,MSU,USD Linked,Fija,"0,00%",48,"30,00",A+
10-nov-22,MSU,USD Linked,Fija,"4,90%",120,"60,78",A+
09-nov-22,Genneia,USD Linked,Fija,"0,00%",25,"29,92",AA-
09-nov-22,Genneia,USD Linked,Fija,"0,00%",48,"20,88",AA-
08-nov-22,Vista Oil & Gas,USD,Fija,"6,25%",36,"40,51",AA+
03-nov-22,GEMSA - CTR,UVA,Variable,"3,75%",36,"1.923,17",A-
03-nov-22,GEMSA - CTR,USD Linked,Fija,"1,00%",24,"21,11",A-
03-nov-22,GEMSA - CTR,USD,Fija,"9,50%",24,"11,49",A-
02-nov-22,Tarjeta Naranja,ARS,Variable,"4,50%",12,"8.437,30",A1
02-nov-22,Arcor,USD,Fija,"8,25%",59,"256,43",AAA
28-oct-22,MSU Energy,USD,Fija,"9,00%",24,"45,54",A+
25-oct-22,CNH Industrial Capital Argentina,USD Linked,Fija,"0,00%",36,"22,69",AA
21-oct-22,Edenor,USD,Fija,"9,75%",31,"2,54",A- (Fix) / BBB Moodys
20-oct-22,Credicuotas,ARS,Variable,"3,00%",12,"2.390,20",A2
14-oct-22,Credito Directo,ARS,Variable,"5,00%",12,"800,00",A3
05-oct-22,Petrolera Aconcagua Energía,USD Linked,Fija,"0,00%",36,"12,00",A-
29-sep-22,CMF,ARS,Variable,"1,50%",12,"15,00",A1
27-sep-22,Red Surcos,USD Linked,Fija,"1,40%",48,"15,00",A-/BVS2
26-sep-22,Luz tres picos,USD Linked,Fija,"0,00%",48,"80,00",AA-/BV1
26-sep-22,Hijos de Salvador Muñoz,USD Linked,Fija,"0,00%",24,"10,00",A-
20-sep-22,Edenor,USD,Fija,"9,75%",25,"30,00",A-/BBBB
19-sep-22,Banco de Servicios Financieros,ARS,Variable,"2,96%",12,"1.800,00",A2
08-sep-22,MSU,USD,Fija,"7,50%",24,"24,50",A
07-sep-22,Galicia,ARS,Variable,"0,00%",6,"5.829,40",A1+
05-sep-22,Aluar,USD Linked,Fija,"0,00%",36,"58,54",AA+
05-sep-22,CGC,USD Linked,Fija,"0,00%",48,"80,00",AA-
05-sep-22,Inversora Juramento,ARS,Variable,"2,50%",18,"3.000,00",A-
25-ago-22,YPF Luz,USD Linked,Fija,"0,00%",24,"15,00",AA+
25-ago-22,YPF Luz,USD Linked,Fija,"0,00%",48,"85,00",AA+
19-ago-22,Lipsa,USD Linked,Fija,"1,00%",24,"4,57",A-
19-ago-22,Lipsa,USD Linked,Fija,"2,99%",36,"10,27",A-
18-ago-22,Cresud,ARS,Variable,"1,00%",18,"5.122,47",AA
18-ago-22,Grupo ST,ARS,Variable,"4,00%",12,"1.200,00",SC
18-ago-22,Albanesi Energia,USD Linked,Fija,"2,75%",24,"16,93",A-
18-ago-22,Albanesi Energia,ARS,Variable,"2,35%",12,"1.191,50",A2
17-ago-22,CT Barragán,ARS,Variable,"1,00%",24,"4.325,56",A+
17-ago-22,Rombo,ARS,Variable,"2,40%",24,"682,22",AA
17-ago-22,Rombo,ARS,Variable,"4,74%",36,"817,78",AA
17-ago-22,VCP,ARS,Variable,"1,89%",12,"1.000,00",A1
16-ago-22,GPAT,ARS,Variable,"0,00%",12,"1.000,00",A-1
16-ago-22,AA 2000,USD Linked,Fija,"0,00%",48,"30,00",AA
12-ago-22,Telecom,USD Linked,Fija,"1,00%",55,"75,00",AA+
09-ago-22,Newsan,ARS,Variable,"2,00%",12,"2.069,99",A-1
08-ago-22,Crown Point Energia,USD Linked,Fija,"4,00%",36,"14,65",BBB+
05-ago-22,Celulosa,USD Linked,Fija,"9,50%",36,"9,34",BB
05-ago-22,Tarjeta Naranja,ARS,Variable,"0,00%",10,"6.968,54",A1
05-ago-22,Tarjeta Naranja,ARS,Variable,"3,00%",18,"10.141,23",AA-
03-ago-22,Pampa Energía,ARS,Variable,"0,00%",18,"8.963,90",AA
02-ago-22,Pan American Energy,ARS,Variable,"0,00%",6,"4.981,18",A1+
02-ago-22,Pan American Energy,ARS,Variable,"2,00%",24,"5.018,82",AAA
02-ago-22,Credito Directo,ARS,Variable,"3,50%",12,"396,52",A3
01-ago-22,Pampa Energía,USD,Fija,"9,50%",54,"292,80",AA
27-jul-22,INVAP,ARS,Variable,"0,00%",24,"642,86",A-
27-jul-22,INVAP,ARS,Variable,"2,00%",36,"569,44",A-
26-jul-22,Credicuotas Consumo,ARS,Variable,"2,00%",12,"2.470,00",A2
26-jul-22,Credicuotas Consumo,ARS,Variable,"2,50%",18,"300,00",A-
22-jul-22,Plaza Logística,resultado pendiente,,,,,
21-jul-22,FyO,USD Linked,Fija,"0,00%",36,"15,00",AA-
20-jul-22,MSU,USD,Fija,"8,00%",24,"15,10",A
18-jul-22,Pan American Energy (Canje),USD,Fija,"7,25%",36,"105,15",BB-
14-jul-22,Petroquimica Comodoro Rivadavia,ARS,Variable,"0,00%",12,"1.704,91",A1+
14-jul-22,Petroquimica Comodoro Rivadavia,ARS,Variable,"0,00%",18,"4.295,09",AA-
13-jul-22,Generación Mediterranea,USD,Fija,"9,50%",24,"5,86",A-
13-jul-22,Generación Mediterranea,USD Linked,Fija,"3,50%",36,"27,66",A-
13-jul-22,Generación Mediterranea,UVA,Variable,"0,00%",36,"2.102,75",A-
12-jul-22,Pampa Energía,ARS,Variable,"0,00%",18,"12.690,67",AA
06-jul-22,Cresud,USD,Fija,"8,00%",43,"70,57",AA
06-jul-22,IRSA,USD,Fija,"8,75%",71,"171,20",AA
06-jul-22,AA 2000,USD Linked,Fija,"0,00%",36,"20,00",AA
05-jul-22,Ledesma,ARS,Variable,"1,80%",10,"1.440,33",A1
05-jul-22,Ledesma,ARS,Variable,"3,00%",18,"2.559,67",A+
01-jul-22,Tarjeta Naranja,ARS,Variable,"2,85%",12,"63.220,14",A1
01-jul-22,Tarjeta Naranja,ARS,Variable,"4,99%",24,"4.779,86",AA-
27-jun-22,Citrusvil (PYME Garantizada),USD Linked,Fija,"0,00%",29,"6,37",SC
24-jun-22,360 Enery Solar,USD Linked,Fija,"1,25%",42,"20,00",A+
23-jun-22,Inversora Juramente,ARS,Variable,"4,40%",12,"2.500,00",A2
23-jun-22,SPI Energy,USD Linked,Fija,"4,00%",48,"33,50",A-
23-jun-22,SPI Energy,USD Linked,Fija,"6,74%",120,"101,50",A-
14-jun-22,Vista Oil & Gas,USD,Fija,"6,00%",26,"43,50",AA+
10-jun-22,Cresud,USD,Fija,"5,50%",33,"24,39",AA
09-jun-22,Newsan,ARS,Variable,"5,50%",12,"2.097,97",A-1
03-jun-22,CGC,USD Linked,Fija,"0,00%",36,"63,14",AA-
03-jun-22,CGC,USD Linked,Fija,"3,50%",84,"78,76",AA-
03-jun-22,Red Surcos,USD Linked,Fija,"2,73%",24,"20,00",A-
19-may-22,Rombo,ARS,Variable,"3,59%",24,"2.000,00",A+
17-may-22,Generación Mediterranea,USD Linked,Fija,"3,50%",60,"24,26",A
17-may-22,Generación Mediterranea,UVA,Variable,"0,00%",60,"15,03",A
17-may-22,Generación Mediterranea,USD Linked,Fija,"6,50%",120,"85,71",A
17-may-22,MSU,USD,Fija,"7,50%",12,"15,20",A
12-may-22,CT Barragán,USD Linked,Fija,"0,00%",36,"25,00",A+
12-may-22,CT Barragán,ARS,Variable,"2,98%",6,"1.753,79",A+
11-may-22,Pan American Energy,ARS,Variable,"0,50%",3,"5.325,84",A1+
11-may-22,Pan American Energy,ARS,Variable,"1,50%",6,"2.657,74",A1+
09-may-22,Edenor,USD,Fija,"9,75%",36,"52,71",A-/CCC+/CAA3
04-may-22,Refi Pampa,UVA,Variable,"0,00%",36,"1.000,00",BBB+
03-may-22,Luz tres picos,USD Linked,Fija,"0,00%",36,"15,00",AA-
03-may-22,Luz tres picos,USD Linked,Fija,"5,00%",120,"62,54",AA-
02-may-22,Banco Hipotecario,USD,Fija,"0,00%",24,"15,95",AA-
27-abr-22,Macro,USD,Fija,"1,45%",24,"17,00",AAA
07-abr-22,Morixe,ARS,Variable,"1,94%",12,"500,00",A1
01-abr-22,Tarjeta Naranja,ARS,Variable,"3,75%",12,"4.532,64",A1
01-abr-22,Tarjeta Naranja,ARS,Variable,"5,25%",24,"4.192,61",AA-
01-abr-22,Credicuotas Consumo,ARS,Variable,"4,75%",18,"2.000,00",A-
30-mar-22,Banco Columbia,ARS,Variable,"9,00%",84,"1.000,00",BBB+
18-mar-22,Tarjeta Naranja,USD,Fija,"5,00%",25,"7,50",AA-
14-mar-22,Pyme Tecnomyl,USD Linked,Fija,"4,95%",24,"11,40",BBB+
14-mar-22,CFA Comapañia Financiera Argentina,ARS,Variable,"8,00%",84,"192,50",BBB-
14-mar-22,CFA Comapañia Financiera Argentina,UVA,Variable,"4,05%",84,"607,50",BBB-
11-mar-22,John Deere,USD,Fija,"3,00%",23,"10,00",AA
10-mar-22,Itaú,ARS,Variable,"2,00%",12,"2.808,00",A1+
10-mar-22,Credito Directo,ARS,Variable,"4,50%",12,"83,57",A3
10-mar-22,Credito Directo,ARS,Variable,"6,40%",24,"216,43",BBB-
07-mar-22,Telecom,USD Linked,Fija,"1,00%",60,"22,72",AA+
07-mar-22,Telecom,ARS,Variable,"1,50%",18,"2.347,50",AA+
23-feb-22,Creaurban,ARS,Variable,"4,45%",12,"1.417,00",A2
23-feb-22,CGC,USD Linked,Fija,"1,375%",30,"53,96",AA-
23-feb-22,CGC,USD,Fija,"3,25%",24,"11,29",AA-
22-feb-22,Newsan,ARS,Variable,"4,65%",12,"2.517,63",A-1
17-feb-22,AA 2000,USD Linked,Fija,"5,50%",120,"137,99",AA-
17-feb-22,AA 2000,USD Linked,Fija,"2,00%",36,"35,99",AA-
16-feb-22,Cresud,USD Linked,Fija,"2,00%",36,"40,58",AA
15-feb-22,Galicia,ARS,Variable,"1,49%",6,"4.487,22",A1+
11-feb-22,Grupo ST,ARS,Variable,"5,00%",12,"300,00",SC
07-feb-22,BACS,ARS,Variable,"4,00%",12,"1.500,00",A1
03-feb-22,Pan American Energy,USD Linked,Fija,"4,25%",120,"80,00",AAA
03-feb-22,Pan American Energy,USD Linked,Fija,"1,25%",60,"25,10",AAA
01-feb-22,YPF Luz,USD Linked,Fija,"3,50%",30,"10,85",AA
01-feb-22,YPF Luz,USD Linked,Fija,"5,00%",120,"63,87",BV2
27-ene-22,Tarjeta Naranja,ARS,Variable,"3,99%",12,"2.715,06",A1
27-ene-22,Tarjeta Naranja,ARS,Variable,"6,00%",24,"3.284,94",AA-
24-ene-22,Lipsa,USD Linked,Fija,"4,50%",18,"15,64",A-
13-ene-22,Pampa Energía,ARS,Variable,"2,00%",18,"3.107,27",BV1 / AA
13-ene-22,San Miguel,USD Linked,Fija,"3,00%",24,"50,00",A
05-ene-22,Generación Mediterranea,USD,Fija,"7,50%",24,"14,40",A-
22-dic-21,Rizobacter,USD Linked,Fija,"1,49%",36,"20,00",A
21-dic-21,Genneia,USD Linked,Fija,"0,00%",36,"17,30",A+
21-dic-21,Genneia,USD Linked,Fija,"5,65%",120,"50,00",A+
20-dic-21,CFN,ARS,Variable,"6,50%",12,"745,35",A2
20-dic-21,CFN,ARS,Variable,"8,00%",24,"705,00",A-
17-dic-21,Credito Directo,ARS,Variable,"5,97%",12,"100,71",A3
17-dic-21,Credito Directo,ARS,Variable,"7,50%",24,"150,51",BBB-
17-dic-21,MSU,USD,Fija,"7,35%",24,"30,30",A
16-dic-21,Newsan,ARS,Variable,"5,50%",12,"1.899,86",A-1
14-dic-21,Petroquimica Comodoro Rivadavia,USD Linked,Fija,"0,99%",36,"50,00",AA-
10-dic-21,Albanesi Energia,USD Linked,Fija,"4,90%",33,"24,10",A
07-dic-21,Telecom,UVA,Variable,"0,00%",41,"12.000,00",AA+
07-dic-21,Telecom,ARS,Variable,"3,25%",18,"2.000,00",AA+
02-dic-21,Pan American Energy,ARS,Variable,"2,70%",12,"2.642,80",A1+
02-dic-21,Pan American Energy,ARS,Variable,"3,94%",24,"1.839,22",AAA
01-dic-21,Pyme Petrolera Aconcagua,USD Linked,Fija,"6,00%",36,"5,95",BBB
26-nov-21,Generación Mediterranea,USD,Fija,"9,625%",72,"325,40",SC
24-nov-21,CT Barragán,USD Linked,Fija,"0,00%",36,"96,00",SC
12-nov-21,Toyota,ARS,Variable,"3,40%",21,"1.200,00",AA+
11-nov-21,Generación Mediterranea,USD Linked,Fija,"6,00%",36,"16,85",SC
11-nov-21,Generación Mediterranea,USD Linked,Fija,"6,00%",36,"21,81",SC
11-nov-21,Generación Mediterranea,UVA,Variable,"4,60%",36,"3.411,26",SC
11-nov-21,Generación Mediterranea,UVA,Variable,"4,60%",36,"1.052,35",SC
08-nov-21,Tarjeta Naranja,ARS,Variable,"7,24%",21,"426,34",AA-
08-nov-21,Tarjeta Naranja,ARS,Variable,"5,00%",12,"4.050,00",A1
08-nov-21,Fhurman,USD Linked,Fija,"3,00%",24,"2,50",A-
02-nov-21,Hijos de Salvador Muñoz,USD Linked,Fija,"3,00%",24,"6,33",A-
01-nov-21,Disal,UVA,Variable,"3,27%",28,"300,00",A-
01-nov-21,Disal,USD Linked,Fija,"5,00%",53,"3,01",A-
22-oct-21,Techo,ARS,Variable,"0,00%",48,"18,00",BS2
20-oct-21,Credito Directo,ARS,Variable,"5,99%",12,"308,23",A3
20-oct-21,FyO,USD Linked,Fija,"0,00%",24,"12,31",AA-
15-oct-21,Arcor,ARS,Variable,"2,97%",18,"1.500,00",AAA/AA
15-oct-21,Arcor,UVA,Variable,"0,98%",48,"2.500,00",AAA/AA
06-oct-21,Red Surcos,USD Linked,Fija,"4,48%",24,"10,00",A-
05-oct-21,Banco Hipotecario,USD Linked,Fija,"0,00%",18,"10,00",A+
05-oct-21,Grupo Cohen,USD Linked,Fija,"4,00%",12,"1,54",SC
04-oct-21,John Deere,USD,Fija,"5,50%",24,"13,14",AA
15-sep-21,CGC,USD Linked,Fija,"3,00%",36,"20,00",AA-
15-sep-21,CGC,USD Linked,Fija,"6,05%",120,"100,00",AA-
09-sep-21,Creaurban,UVA,Variable,"5,30%",36,"402,86",BBB+
09-sep-21,Creaurban,ARS,Variable,"6,00%",12,"981,44",A2
06-sep-21,Cresud,USD Linked,Fija,"3,50%",36,"41,85",AA
03-sep-21,Aeropuertos 2000,USD Linked,Fija,"4,00%",24,"30,49",A
02-sep-21,San Miguel,USD Linked,Fija,"4,00%",18,"50,01",A
01-sep-21,Molinos Agro,USD Linked,Fija,"1,00%",24,"33,54",AA
01-sep-21,Molinos Agro,USD Linked,Fija,"2,49%",36,"36,46",AA
01-sep-21,CFA Comapañia Financiera Argentina,ARS,Variable,"7,50%",24,"210,00",BBB+
01-sep-21,CFA Comapañia Financiera Argentina,ARS,Fija,"43,00%",9,"472,00",A2
31-ago-21,Rizobacter,USD Linked,Fija,"3,75%",18,"12,72",A-
31-ago-21,Rizobacter,USD Linked,Fija,"5,25%",36,"3,43",A-
30-ago-21,Genneia,USD,Fija,"8,75%",72,"366,12",SC
25-ago-21,Vista Oil & Gas,USD Linked,Fija,"3,48%",48,"9,23",AA-
25-ago-21,Vista Oil & Gas,USD Linked,Fija,"5,85%",120,"100,77",AA-
25-ago-21,YPF,USD Linked,Fija,"0,00%",12,"36,89",A1+
25-ago-21,YPF,USD Linked,Fija,"3,50%",36,"27,70",AA-
24-ago-21,Newsan,ARS,Variable,"5,50%",12,"1.955,17",A1
23-ago-21,IRSA,USD Linked,Fija,"3,90%",36,"58,12",AA
20-ago-21,MSU,USD Linked,Fija,"4,00%",23,"15,00",A-
19-ago-21,Angel Estrada,ARS,Variable,"6,25%",12,"269,24",A2
19-ago-21,Grupo ST,ARS,Variable,"6,00%",12,"1.300,00",SC
17-ago-21,Galicia,ARS,Variable,"3,00%",12,"1.625,97",A1+
17-ago-21,Galicia,ARS,Fija,"41,00%",9,"1.349,67",A1+
12-ago-21,CLISA,USD,Fija,"10,50%",71,"325,33",SC
12-ago-21,CLISA,USD,Fija,"7,50%",35,,SC
12-ago-21,CLISA,USD,Fija,"4,50%",17,,SC
12-ago-21,CT Barragán,USD Linked,Fija,"4,00%",22,"15,62",A+
12-ago-21,CT Barragán,UVA,Variable,"4,00%",22,"2.365,62",A+
12-ago-21,Itaú,ARS,Variable,"3,50%",18,"1.351,50",AAA
12-ago-21,Itaú,UVA,Variable,"2,78%",48,"1.000,00",AAA
11-ago-21,Tarjeta Naranja,ARS,Variable,"5,50%",12,"2.712,00",A1
11-ago-21,Tarjeta Naranja,ARS,Variable,"7,24%",24,"1.426,50",AA-
06-ago-21,Geneia,USD Linked,Fija,"3,50%",24,"48,97",A+
06-ago-21,Geneia,USD,Fija,"6,00%",36,"15,61",A+
04-ago-21,Celulosa,USD Linked,Fija,"9,50%",24,"6,00",BB
04-ago-21,MSU,USD Linked,Fija,"5,49%",18,"12,63",A
04-ago-21,MSU,UVA,Variable,"5,49%",24,"1.750,09",A
29-jul-21,Rombo,ARS,Variable,"6,48%",24,"1.000,00",AA
27-jul-21,Petroagro,USD Linked,Fija,"6,25%",27,"5,19",BBB
23-jul-21,Ledesma,ARS,Variable,"4,74%",10,"3.000,00",A1
19-jul-21,YPF,USD Linked,Fija,"5,75%",120,"384,21",AA-
14-jul-21,Generación Mediterranea,USD Linked,Fija,"7,75%",96,"98,77",A-
14-jul-21,Generación Mediterranea,UVA,Variable,"6,50%",60,"2.997,09",A-
14-jul-21,Banco Voii,ARS,Variable,"6,99%",12,"350,00",A2
12-jul-21,Asociados Don Mario,USD,Fija,"6,15%",17,"7,78",A+
07-jul-21,Pan American Energy,USD Linked,Fija,"5,00%",120,"260,14",AAA
07-jul-21,Pan American Energy,USD Linked,Fija,"3,69%",60,"19,24",AAA
06-jul-21,Cresud,USD,Fija,"6,99%",36,"18,80",
01-jul-21,Agrofina,USD,Fija,"14,50%",24,"11,00",
28-jun-21,Mastellone Hermanos,USD,Fija,"10,95%",60,"110,87",
25-jun-21,Cresud,USD,Fija,"6,99%",36,"35,74",
24-jun-21,Newsan,ARS,Variable,"5,75%",12,"1.157,02",
23-jun-21,Mastellone Hermanos,USD Linked,Fija,"5,50%",30,"11,88",
23-jun-21,Mastellone Hermanos,UVA,Variable,"4,39%",36,"3.162,79",
22-jun-21,John Deere,USD,Fija,"8,00%",36,"40,00",
18-jun-21,Red Surcos,ARS,Variable,"6,00%",12,"322,22",
18-jun-21,Red Surcos,USD Linked,Fija,"6,50%",18,"7,60",
15-jun-21,Vista Oil & Gas,USD Linked,Fija,"4,00%",24,"38,79",
15-jun-21,Vista Oil & Gas,UVA,Variable,"4,00%",45,"3.104,06",
11-jun-21,FCA Compañía Financiera,UVA,Variable,"2,80%",30,"1.000,00",
10-jun-21,Profertil,USD Linked,Fija,"2,49%",24,"25,00",
10-jun-21,Plaza Logística,UVA,Variable,"4,49%",24,"23,39",
04-jun-21,CGC,USD Linked,Fija,"5,00%",24,"35,96",
04-jun-21,CGC,USD,Fija,"7,00%",24,"14,04",
03-jun-21,Morixe,ARS,Variable,"0,00%",15,"400,00",
03-jun-21,Telecom,USD Linked,Fija,"2,75%",36,"91,83",
01-jun-21,CT Barragán,USD Linked,Fija,"4,00%",24,"27,34",
01-jun-21,CT Barragán,UVA,Variable,"4,00%",36,"2.928,01",
27-may-21,PCR (adicionales),USD Linked,Fija,"4,75%",34,"19,31",
27-may-21,PCR,ARS,Variable,"4,50%",12,"579,37",
21-may-21,BACS,ARS,Variable,"4,75%",12,"1.250,00",
20-may-21,INVAP,ARS,Variable,"5,00%",24,"269,00",
20-may-21,INVAP,USD Linked,Fija,"4,25%",36,"4,06",
20-may-21,INVAP,USD Linked,Fija,"5,00%",60,"3,21",
17-may-21,YPF Luz,ARS,Variable,"4,50%",12,"1.755,00",
17-may-21,YPF Luz,USD Linked,Fija,"0,00%",15,"16,89",
14-may-21,Molinos Agro,USD Linked,,,36,"25,39",
14-may-21,Molinos Agro,USD Linked,,,24,"28,46",
10-may-21,Inversora Juramento,ARS,Variable,"4,65%",12,"1.500,00",
10-may-21,Savant Pham,ARS,Variable,"6,50%",18,"150,00",
10-may-21,Savant Pham,UVA,Variable,"5,00%",30,"261,52",
07-may-21,Albanesi Energia,USD Linked,Fija,"6,00%",30,"5,94",
07-may-21,Albanesi Energia,UVA,Variable,"5,99%",30,"3.193,57",
30-abr-21,Pan American Energy,USD,Fija,"9,13%",48,"300,00",
26-abr-21,Tarjeta Naranja,ARS,Variable,"5,00%",12,"5.001,00",
09-abr-21,Generación Mediterranea,USD,Fija,"12,50%",36,"4,27",
08-abr-21,Pan American Energy,ARS,Variable,"3,49%",12,"2.500,00",
08-abr-21,Pan American Energy,UVA,Variable,"3,49%",48,"2.029,00",
06-abr-21,Tarjeta Naranja,USD,Fija,"7,00%",24,"8,50",
31-mar-21,Crown Point Energia,ARS,Variable,"6,75%",36,"190,00",
31-mar-21,Crown Point Energia,USD Linked,Fija,"8,00%",36,"3,39",
31-mar-21,IRSA,ARS,Variable,"5,00%",12,"701,50",
31-mar-21,IRSA,USD Linked,Fija,"5,00%",36,"15,80",
31-mar-21,IRSA,UVA,Variable,"4,00%",36,"3.868,00",
29-mar-21,Creaurban,ARS,Variable,"5,00%",12,"1.922,00",
26-mar-21,Vista Oil & Gas,UVA,Variable,"3,00%",42,"2.407,00",
15-mar-21,PCR,ARS,Variable,"4,00%",12,"1.061,00",
15-mar-21,PCR,USD Linked,Fija,"4,75%",36,"13,40",
11-mar-21,Generación Mediterranea,USD Linked,Fija,"6,00%",24,"7,70",
11-mar-21,Generación Mediterranea,UVA,Variable,"4,60%",24,"41,90",
08-mar-21,Vista Oil & Gas,USD Linked,Fija,"4,25%",36,"42,30",
08-mar-21,Vista Oil & Gas,UVA,Variable,"2,73%",42,"647,30",
05-mar-21,Santander,ARS,Variable,"41,00%",12,"5.000,00",
25-feb-21,Red Surcos,USD Linked,Fija,"7,48%",21,"3,00",
19-feb-21,Plaza Logística,UVA,Variable,"2,48%",42,"1.799,00",
04-feb-21,Newsan,ARS,Variable,"5,50%",12,"1.244,00",
03-dic-20,Vista Oil & Gas,USD Linked,Fija,"3,24%",48,"10,00",
03-dic-20,Vista Oil & Gas,USD Linked,Fija,"0,00%",32,"10,00",
10-nov-20,Richmond,USD Linked,Fija,"5,00%",12,"7,50",
23-oct-20,PCR,USD Linked,Fija,"4,00%",36,"36,30",
23-oct-20,YPF Luz,USD Linked,Fija,"1,00%",36,"20,00",
23-oct-20,YPF Luz,USD Linked,Fija,"0,00%",24,"30,00",
16-oct-20,GPAT,ARS,Variable,"38,50%",12,"500,00",
29-sep-20,Volkswagen,ARS,Variable,"0,36%",12,"650,00",
29-sep-20,Volkswagen,ARS,Variable,,30,"1.379,00",
24-sep-20,Grupo Cohen,ARS,Variable,"6,00%",12,"27,00",
24-sep-20,Grupo Cohen,USD Linked,Fija,"6,00%",12,"2,00",
15-sep-20,Ángel Estrada y Compañía S.A.,ARS,Variable,"3,90%",12,"429,00",
11-sep-20,Grupo ST,ARS,Variable,"35,00%",6,"60,00",
11-sep-20,Grupo ST,ARS,Variable,"4,00%",18,"140,00",
07-sep-20,Itaú,ARS,Variable,"0,95%",24,"1.537,00",
04-sep-20,Don Mario,USD Linked,Fija,"2,50%",48,"7,81",
03-sep-20,Liag,USD Linked,Fija,"2,98%",37,"2,19",
02-sep-20,Newsan,ARS,Variable,"4,75%",12,"1.637,00",
01-sep-20,Pan American Energy,ARS,Variable,"2,75%",24,"3.349,00",
01-sep-20,Pan American Energy,USD Linked,Fija,"3,00%",48,"52,84",
01-sep-20,Pan American Energy,USD Linked,Fija,"0,00%",36,"7,16",
31-ago-20,CP Manque y CP Los Olivos,ARS,Variable,"0,24%",12,"1.109,00",
31-ago-20,CP Manque y CP Los Olivos,USD Linked,Fija,"0,00%",36,"35,16",
28-ago-20,CNH Industrial Capital Argentina,ARS,Variable,"36,00%",12,"700,80",
28-ago-20,CNH Industrial Capital Argentina,USD Linked,Fija,"0,00%",36,"30,50",
27-ago-20,Cresud,USD Linked,Fija,"2,00%",36,"25,00",
26-ago-20,Genneia,USD Linked,Fija,"2,00%",36,"12,84",
26-ago-20,Genneia,USD Linked,Fija,"0,00%",24,"13,16",
14-ago-20,Aeropuertos 2000,USD Linked,Fija,"0,00%",24,"40,00",
13-ago-20,Red Surcos,USD Linked,Fija,"4,00%",18,"15,00",
12-ago-20,Rizobacter,USD Linked,Fija,"0,00%",36,"17,00",
07-ago-20,BACS,ARS,Variable,"2,99%",30,"852,88",
06-ago-20,TGN,ARS,Variable,"1,00%",18,"1.500,00",
05-ago-20,Vista Oil & Gas,ARS,Variable,"1,37%",18,"725,60",
05-ago-20,Vista Oil & Gas,USD Linked,Fija,"0,00%",36,"20,00",
29-jul-20,MSU,USD Linked,Fija,"0,00%",24,"15,00",
28-jul-20,Aluar,USD Linked,Fija,"0,00%",36,"60,00",
24-jul-20,Inversora Juramento,ARS,Variable,"3,84%",12,"600,00",
24-jul-20,Pampa Energía,ARS,Variable,"2,50%",13,"6.355,00",
21-jul-20,Creaurban,ARS,Variable,"4,50%",9,"1.200,00",
16-jul-20,IRSA,ARS,Variable,"4,00%",12,"335,00",
16-jul-20,IRSA,USD Linked,Fija,"4,00%",18,"33,70",
16-jul-20,Newsan,ARS,Variable,"5,00%",6,"1.083,00",
15-jul-20,Ledesma,ARS,Variable,"3,00%",12,"1.055,00",
15-jul-20,Ledesma,ARS,Variable,"33,24%",6,"444,60",
14-jul-20,PAE,ARS,Variable,"1,50%",12,"3.000,00",
14-jul-20,PAE,USD Linked,Fija,"1,00%",36,"57,50",
14-jul-20,PAE,USD Linked,Fija,"0,00%",24,"20,30",
07-jul-20,Plaza Logística,UVA,Variable,"4,49%",24,"2.150,00",
26-jun-20,San Miguel,USD Linked,Fija,"1,48%",18,"40,00",
25-jun-20,Supervielle,USD Linked,Fija,"2,00%",12,"30,00",
22-jun-20,John Deere,USD Linked,Fija,"0,00%",24,"20,00",
19-jun-20,YPF Luz,USD Linked,Fija,"1,49%",18,"50,00",
18-jun-20,PCR,USD Linked,Fija,"3,25%",18,"48,50",
17-jun-20,Generación Mediterranea,ARS,Variable,"8,00%",6,"151,00",
17-jun-20,Generación Mediterranea,USD Linked,Fija,"6,50%",12,"9,80",
12-jun-20,Rizobacter,USD Linked,Fija,"4,71%",17,"15,00",
10-jun-20,YPF,ARS,Variable,"0,00%",6,"1.577,00",
10-jun-20,YPF,USD Linked,Fija,"1,50%",24,"78,30",
08-jun-20,Itaú,ARS,Variable,"1,95%",12,"1.283,00",
08-jun-20,Itaú,ARS,Variable,"3,80%",24,"1.315,00",
03-jun-20,Cresud,USD Linked,Fija,"3,50%",18,"83,00",
01-jun-20,BACS,ARS,Variable,"3,97%",6,"500,00",
21-may-20,CGC,USD Linked,Fija,"5,00%",15,"19,80",
21-may-20,Geneia,ARS,Variable,"5,00%",6,"425,00",
21-may-20,Geneia,USD Linked,Fija,"5,00%",12,"21,40",
20-may-20,YPF,ARS,Variable,"0,00%",7,"476,00",
20-may-20,YPF,USD Linked,Fija,"0,00%",18,"93,00",
19-may-20,IRSA,ARS,Variable,"6,00%",9,"354,00",
19-may-20,IRSA,USD Linked,Fija,"9,00%",24,"9,20",
19-may-20,IRSA,USD Linked,Fija,"7,00%",12,"51,30",
15-may-20,PAE,ARS,Variable,"4,74%",6,"3.000,00",
15-may-20,PAE,USD Linked,Fija,"0,00%",18,"25,00",
11-may-20,Raghsa,USD,Fija,"8,50%",84,"58,30",
07-may-20,MSU,USD,Fija,"0,00%",45,"250,30",
28-abr-20,Pampa Energía,ARS,Variable,"3,00%",3,"1.238,00",
28-abr-20,Pampa Energía,ARS,Variable,"5,00%",6,"565,00",
16-abr-20,YPF,ARS,Variable,"3,00%",3,"993,00",
16-abr-20,YPF,ARS,Variable,"0,00%",8,"496,00",
12-mar-20,Ángel Estrada y Compañía S.A.,ARS,Variable,"8,00%",12,"282,40",
12-mar-20,Ángel Estrada y Compañía S.A.,USD Linked,Fija,"9,00%",12,"0,60",
05-mar-20,ON Compañía General de Combustibles S.A.,ARS,Variable,"5,00%",12,"314,60",
05-mar-20,ON Compañía General de Combustibles S.A.,USD,Fija,"9,00%",15,"15,30",
05-mar-20,ON Compañía General de Combustibles S.A.,USD Linked,Fija,"9,00%",15,"14,30",
05-mar-20,ON MSU S.A.,USD,Fija,"9,00%",15,"11,20",
05-mar-20,ON MSU S.A.,USD Linked,Fija,"9,00%",15,"2,70",
03-mar-20,ARCOR,ARS,Variable,"4,25%",6,"1.065,00",
03-mar-20,ARCOR,ARS,Variable,"5,75%",18,"1.535,00",
02-mar-20,YPF,USD,Fija,"5,00%",12,"8,90",
02-mar-20,YPF,USD,Fija,"6,00%",20,"3,90",
02-mar-20,YPF,USD Linked,Fija,"0,00%",,"45,90",
27-feb-20,John Deere,USD,Fija,"9,75%",20,"21,40",
27-feb-20,John Deere,USD,Fija,"9,00%",18,"4,10",
27-feb-20,Toyota,ARS,Variable,"4,45%",12,"750,00",
21-feb-20,PAE,ARS,Variable,"4,50%",12,"4.000,00",
19-feb-20,Vista Oil & Gas,USD,Fija,"3,50%",48,"50,00",
18-feb-20,Tecpetrol,ARS,Variable,"4,50%",12,"2.414,00",
18-feb-20,Tecpetrol,USD,Fija,"4,00%",12,"10,80",
17-feb-20,AES,ARS,Variable,"6,50%",9,"468,88",
17-feb-20,AES,USD,Fija,"8,00%",9,"22,16",
17-feb-20,AES,USD Linked,Fija,"9,00%",9,"18,63",
17-feb-20,PCR,ARS,Variable,"6,50%",12,"500,83",
17-feb-20,PCR,USD,Fija,"9,00%",12,"36,96",
17-feb-20,PCR,USD Linked,Fija,"9,00%",12,"11,23",
17-feb-20,San Miguel,ARS,Variable,"6,50%",10,"653,00",
17-feb-20,San Miguel,USD,Fija,"8,50%",10,"17,70",
17-feb-20,San Miguel,USD Linked,Fija,"0,00%",12,"15,00",
17-feb-20,San Miguel,USD Linked,Fija,"4,99%",36,"45,00",
17-feb-20,San Miguel,USD Linked,Fija,"9,00%",10,"11,10",
14-feb-20,Rizobacter,USD,Fija,"9,50%",12,"4,20",
14-feb-20,Rizobacter,USD Linked,Fija,"10,50%",12,"3,33",
13-feb-20,Inv Juramento,ARS,Variable,"7,00%",9,"523,33",
11-feb-20,Banco Hipotecario,ARS,Variable,"6,75%",18,"390,56",
11-feb-20,Banco Hipotecario,UVA,Variable,"5,00%",24,"2.997,30",
06-feb-20,Volkswagen,ARS,Variable,"5,24%",9,"750,00",
31-ene-20,Telecom,ARS,Variable,"4,75%",12,"3.196,00",
31-ene-20,Telecom,ARS,Variable,"5,25%",18,"1.200,22",
27-ene-20,Cresud,ARS,Variable,"6,50%",12,"1.095,16",
27-ene-20,Cresud,USD,Fija,"9,00%",15,"27,46",
27-ene-20,Cresud,USD Linked,Fija,"9,00%",18,"5,74",
27-ene-20,Neuquén,ARS,Variable,"6,00%",6,"1.500,00",
23-ene-20,Creaurban,ARS,Variable,"8,50%",6,"865,50",
22-ene-20,YPF,ARS,Variable,"5,00%",12,"2.112,19",
22-ene-20,YPF,ARS,Variable,"6,00%",18,"2.149,51",
22-ene-20,YPF,ARS,Variable,"6,00%",13,"4.104,82",
22-ene-20,YPF,USD Linked,Fija,"9,00%",12,"9,90",
16-ene-20,CABA**,ARS,Variable,"8,25%",24,"9.414,00",
15-ene-20,Santander,ARS,Variable,"3,45%",6,"3.770,00",
20-dic-19,Geneia,ARS,Variable,"10,00%",6,"441,79",
20-dic-19,Geneia,USD,Fija,"10,00%",12,"6,83",
18-dic-19,Arcor,ARS,Variable,"4,24%",6,"1.654,00",
18-dic-19,John Deere,USD,Fija,"9,50%",12,"23,20",
18-dic-19,John Deere,USD Linked,Fija,"8,00%",12,"5,40",
12-dic-19,PSA,ARS,Variable,"7,00%",6,"531,00",
11-dic-19,BBVA,ARS,Variable,"4,00%",6,"1.967,00",
05-dic-19,PAE,ARS,Variable,"3,70%",6,"2.743,00",
05-dic-19,Volkswagen,ARS,Variable,"5,75%",6,"750,00",
03-dic-19,YPF,ARS,Variable,"3,75%",6,"1.683,00",
03-dic-19,YPF,ARS,Variable,"6,00%",12,"1.156,00",
03-dic-19,YPF,USD Linked,Fija,"9,00%",12,"19,67",
27-nov-19,BACS,ARS,Variable,"6,00%",6,"296,00",
27-nov-19,BACS,ARS,Variable,"8,50%",9,"203,00",
21-nov-19,Galicia,ARS,Variable,"3,49%",6,"4.182,00",
