FECHA;EMISOR;MONEDA;TASA;TASA/MARGEN;PLAZO (en meses);VN;CALIFICACIÓN
18/06/2026;Volkswagen Cía. Financiera – 15;ARS;TAMAR;3,89%;12.0;41493.7;A1+ (Fix SCR)
16/06/2026;Garantizadas MSU Green Energy (Ley NY) [Bono SVS] – 4;USD Int;Fija;9,75%;120.0;400.0;B2 (Moody´s) / B- (S&P)
12/06/2026;BONAR 2028 (AO28);USD Mep;Fija;6,00%;29.0;200.0;SC
12/06/2026;BONAR 2028 (AO28);USD Mep;Fija;6,00%;29.0;100.0;SC
11/06/2026;Empresa Distribuidora de Electricidad de Mendoza (Ley NY) – 8;USD Int;Fija;9,75%;84.0;300.0;B2 (Moody´s) / B/RR3 (Fitch Ratings) / B- (S&P)
10/06/2026;Banco BBVA – 47;ARS;TAMAR;3,25%;12.0;161298.4;A1+ (Fix SCR)
08/06/2026;Irsa – XXV;USD Mep;Fija;3,75%;12.0;50.0;A1+ (Fix SCR)
08/06/2026;John Deere Credit Cía. Financiera – XX;USD Mep;Fija;6,50%;30.0;80.0;AA (Fix SCR)
05/06/2026;Banco Comafi – XXIV;USD Mep;Fija;5,25%;24.0;12.8;AA (Fix SCR)
05/06/2026;Banco Comafi – XXV;USD Cable;Fija;3,50%;18.0;55.2;AA (Fix SCR)
05/06/2026;Banco de Galicia I XXXII;ARS;TAMAR;3,25%;12.0;156553.7;A1+ (Fix SCR)
05/06/2026;Banco de Galicia II XXXII;USD Mep;Fija;4,75%;24.0;53.1;AAA (Fix SCR)
05/06/2026;Banco de Galicia III XXXII;USD Cable;Fija;3,00%;18.0;36.7;AAA (Fix SCR)
29/05/2026;BONAR 2027 (AO27);USD Mep;Fija;6,00%;17.0;200.0;SC
29/05/2026;BONAR 2027 (AO27);USD Mep;Fija;6,00%;17.0;105.0;SC
29/05/2026;BONAR 2028 (AO28);USD Mep;Fija;6,00%;29.0;150.0;SC
29/05/2026;BONAR 2028 (AO28);USD Mep;Fija;6,00%;29.0;100.0;SC
29/05/2026;Telecom Argentina – 29;USD Mep;Fija;3,50%;12.0;26.4;A-1 (Moody´S)
29/05/2026;Telecom Argentina – 30;USD Mep;Fija;6,25%;48.0;35.1;AA+ (Moody´s)
28/05/2026;Credicuotas Consumo – XX;ARS;TAMAR;5,00%;12.0;13444.3;A1 (Fix SCR)
28/05/2026;Credicuotas Consumo – XXI;USD Mep;Fija;7,00%;12.0;35.9;A1 (Fix SCR)
28/05/2026;Mirgor – VI;USD Mep;Fija;8,00%;24.0;22.4;A+ (Moody´s)
26/05/2026;Scania Credit – 3;USD Mep;Fija;6,50%;36.0;27.0;AA (Fix SCR)
22/05/2026;ICBC – VI;USD Mep;Fija;3,70%;12.0;45.1;A1 (Fix SCR)
22/05/2026;Tarjeta Naranja I LXVII;ARS;TAMAR;4,50%;12.0;157273.3;A1+ (Fix SCR)
22/05/2026;Tarjeta Naranja II LXVII;USD Mep;Fija;5,00%;9.0;115.1;A1+ (Fix SCR)
22/05/2026;Tarjeta Naranja III LXVII;USD Cable;Fija;4,00%;18.0;13.8;AA (Fix SCR)
21/05/2026;Arcor – 5;USD Mep;Fija;5,25%;36.0;50.0;AAA (Fix SCR)
21/05/2026;Arcor – 6;ARS;TAMAR;2,99%;15.0;69767.4;AAA (Fix SCR)
21/05/2026;Banco BBVA – 46;ARS;TAMAR;3,25%;12.0;83914.3;A1+ (Fix SCR)
21/05/2026;Pampa Energía (Ley NY) – 26 Adicionales;USD Int;Fija;7,75%;138.0;500.0;B- (S&P) / B+ (Fitch Ratings)
21/05/2026;Tecpetrol – 13;USD Mep;Fija;5,50%;24.0;100.0;AAA (Fix SCR)
18/05/2026;Mercado Pago – 4;USD Mep;Fija;0,00%;3.0;44.0;A1+ (Fix SCR)
18/05/2026;Mercado Pago – 5;ARS;TAMAR;2,50%;6.0;42257.5;A1+ (Fix SCR)
18/05/2026;Mercado Pago – 6;ARS;TAMAR;3,00%;12.0;44645.8;A1+ (Fix SCR)
15/05/2026;BONAR 2027 (AO27);USD Mep;Fija;6,00%;17.0;150.0;SC
15/05/2026;BONAR 2027 (AO27);USD Mep;Fija;6,00%;17.0;100.0;SC
15/05/2026;BONAR 2028 (AO28);USD Mep;Fija;6,00%;30.0;100.0;SC
15/05/2026;BONAR 2028 (AO28);USD Mep;Fija;6,00%;30.0;150.0;SC
12/05/2026;Newsan – 23;ARS;TAMAR;5,00%;12.0;26469.0;A-1 (Moody’s)
12/05/2026;Puente Hnos. – IV;USD Mep;Fija;6,50%;36.0;20.4;A+ (Fix SCR)
11/05/2026;Farmacity – I;USD Mep;Fija;7,50%;36.0;15.0;A+ (Moody’s)
11/05/2026;Pecom Servicios Energía – III;USD Mep;Fija;7,50%;48.0;196.8;AA (Fix SCR)
11/05/2026;Títulos de Deuda Banco Nación – 1;ARS;TAMAR;4,25%;12.0;187719.0;A1+ (Fix SCR)
11/05/2026;Títulos de Deuda Banco Nación – 2;USD Mep;Fija;5,50%;36.0;30.4;AAA (Fix SCR)
11/05/2026;Títulos de Deuda Banco Nación – 3;UVA;Fija;5,25%;24.0;150.6;AAA (Fix SCR)
08/05/2026;Banco BBVA – 44;USD Mep;Fija;5,00%;24.0;48.0;AAA (Fix SCR)
08/05/2026;Banco BBVA – 45;USD Mep;Fija;3,25%;12.0;25.1;A1+ (Fix SCR)
08/05/2026;CABA (Ley Inglaterra) – 14;USD Int;Fija;7,05%;120.0;500.0;B2 (Moody’s) / B- (Fitch)
08/05/2026;CGC (Ley NY) – 38 Adic.;USD Int;Fija;11,88%;55.0;200.0;CCC+ (S&P)
08/05/2026;Profertil – 3;USD Mep;Fija;5,75%;48.0;70.0;AAA (Fix SCR)
05/05/2026;Banco Supervielle – V;USD Mep;Fija;3,25%;12.0;20.1;A-1 (Moody’s)
30/04/2026;BONAR 2027 (AO27);USD Mep;Fija;6,00%;18.0;450.0;SC
30/04/2026;BONAR 2028 (AO28);USD Mep;Fija;6,00%;30.0;398.0;SC
30/04/2026;Central Puerto – D;USD Mep;Fija;6,00%;48.0;130.1;AAA (Moody’s)
30/04/2026;Cresud – Clase LII;USD Mep;Fija;4,75%;24.0;41.2;AAA (Fix SCR)
30/04/2026;Cresud – Clase LIII;USD Mep;Fija;6,25%;48.0;23.0;AAA (Fix SCR)
29/04/2026;Provincia del Chubut (Ley NY);USD Int;Fija;9,45%;120.0;650.0;Caa1 (Moody’s)
28/04/2026;Banco Santander;ARS;TAMAR;3,25%;12.0;157000.0;A-1 (Moody’s)
28/04/2026;Edenor (Ley NY);USD Int;Fija;9,50%;84.0;26.7;B- (S&P) / B3 (Moody’s)
28/04/2026;Edenor (Ley NY);USD Int;Fija;9,50%;84.0;523.3;B- (S&P) / B3 (Moody’s)
27/04/2026;Hijos de Salvador Muñoz;USD Mep;Fija;7,70%;18.0;10.0;A (Fix SCR)
24/04/2026;Banco Comafi – XXIII;USD Cable;Fija;3,50%;18.0;13.0;AA (Fix SCR)
24/04/2026;Banco de Valores;ARS;TAMAR;3,00%;6.0;90084.0;A1+ (Fix SCR)
17/04/2026;BONAR 2027 (AO27);USD Mep;Fija;6,00%;18.0;250.0;SC
17/04/2026;BONAR 2028 (AO28);USD Mep;Fija;6,00%;30.0;250.0;SC
17/04/2026;Banco Comafi – XXI;USD Mep;Fija;3,25%;12.0;20.3;A1+ (Fix SCR)
17/04/2026;Banco Comafi – XXII;ARS;TAMAR;3,75%;12.0;58440.0;A1+ (Fix SCR)
14/04/2026;YPF S.A. – XLIII;USD Mep;Fija;5,50%;48.0;122.1;AAA (Moody’s)
08/04/2026;Vista Energy (Ley NY);USD Int;Fija;7,88%;144.0;500.0;BB- (Fitch Ratings)
01/04/2026;Pampa Energía;USD Mep;Fija;5,49%;36.0;200.0;AAA (Fix SCR)
31/03/2026;BONAR 2027 (AO27);USD Mep;Fija;6,00%;19.0;95.0;SC
31/03/2026;BONAR 2028 (AO28);USD Mep;Fija;6,00%;31.0;36.0;SC
16/03/2026;BONAR 2027 (AO27);USD Mep;Fija;6,00%;19.0;250.0;SC
11/03/2026;ICBC;ARS;TAMAR;3,50%;12.0;68544.0;A1+
09/03/2026;Compañía General de Combustibles;USD Mep;Fija;9,50%;24.0;55.2;AA-
05/03/2026;Telecom Argentina;USD Mep;Fija;6,50%;36.0;81.3;AA+
04/03/2026;Banco BBVA Argentina;ARS;TAMAR;3,50%;12.0;45457.0;A1+
04/03/2026;Pcia. Entre Ríos (Ley NY);USD Int;Fija;9,55%;84.0;300.0;Caa1 (Moody’s) / CCC+ (S&P)
27/02/2026;BBVA;USD Mep;Fija;5,00%;18.0;36.5;AAA (Fix SCR)
27/02/2026;BONAR 2027 (AO27);USD Mep;Fija;6,00%;20.0;250.0;SC
27/02/2026;Luz de Tres Picos;USD Mep;Fija;8,00%;36.0;49.6;AA (Fix SCR)
27/02/2026;Pluspetrol;USD Mep;Fija;6,50%;36.0;167.5;AAA (Fix SCR)
26/02/2026;PSA Finance;ARS;TAMAR;4,75%;15.0;19884.0;AA (Fix SCR)
25/02/2026;Arcor;ARS;TAMAR;3,40%;12.0;79070.0;A-1 (Moody’s)
23/02/2026;Banco Hipotecario;USD Mep;Fija;5,00%;12.0;28.7;A1+ (Fix SCR)
23/02/2026;Banco Hipotecario;ARS;TAMAR;3,50%;12.0;25389.0;A1+ (Fix SCR)
23/02/2026;Mercado Pago;ARS;TAMAR;3,50%;12.0;61241.0;A1+ (Fix SCR) / A1 (Moody’s)
23/02/2026;Oleoductos del Valle;USD Mep;Fija;6,90%;48.0;110.0;AAA (Fix SCR)
19/02/2026;YPF (Adicionales);USD Mep;Fija;7,00%;36.0;161.0;AAA (Moody’s)
18/02/2026;Grupo ST;USD Mep;Fija;8,25%;12.0;11.8;A1 (Fix SCR)
09/02/2026;CNH Industrial Capital Argentina;USD Mep;Fija;7,50%;36.0;46.5;AA (Fix SCR)
09/02/2026;Edenor (Ley NY) Adicionales;USD Int;Fija;9,75%;56.0;90.0;B- (Fitch) / B- (S&P) / B3 (Moody’s)
09/02/2026;MSU Energy;USD Mep;Fija;7,50%;21.0;59.7;AA- (Fix SCR)
06/02/2026;Banco Comafi;USD Mep;Fija;4,75%;12.0;40.0;A1+ (Fix SCR)
06/02/2026;Banco Comafi;USD Cable;Fija;5,25%;18.0;30.5;AA (Fix SCR)
06/02/2026;Banco Comafi;USD Mep;Fija;7,00%;36.0;7.0;AA (Fix SCR)
05/02/2026;Credicuotas Consumo;USD Mep;Fija;6,50%;8.0;23.6;A1 (Fix SCR)
03/02/2026;Provincia de Córdoba (Ley NY);USD Int;Fija;8,60%;108.0;800.0;B- (Fitch) / B3 (Moody’s)
30/01/2026;Crown Point Energía;USD Linked;Fija;10,75%;36.0;30.0;A- (Fix SCR)
29/01/2026;Mirgor;USD Mep;Fija;8,25%;18.0;26.5;A+ (Moody’s)
29/01/2026;Otamerica Ebytem;USD Mep;Fija;6,74%;42.0;50.0;AAA (Moody’s)
27/01/2026;YPF (Adicionales);USD Int;Fija;8,25%;96.0;550.0;B- (S&P) / B2 (Moody’s)
23/01/2026;Loma Negra;USD Mep;Fija;6,50%;36.0;60.0;AAA (Fix SCR)
20/01/2026;Banco Macro;USD Int;Fija;7,25%;12.0;400.0;A-1 (Moody’s)
20/01/2026;Cresud L Adicionales;USD Mep;Fija;7,25%;38.0;40.8;AAA (Fix SCR)
20/01/2026;Cresud – LI;USD Mep;Fija;5,75%;12.0;46.8;A1+ (Fix SCR)
20/01/2026;FyO;USD Linked;Fija;8,50%;18.0;7.1;A+ (Fix SCR)
20/01/2026;FyO;USD Mep;Fija;7,90%;18.0;20.9;AA- (Fix SCR)
20/01/2026;Telecom;USD Int;Fija;8,50%;120.0;600.0;B2 (Moody’s)
16/01/2026;John Deere Credit Cía. Financiera;USD Mep;Fija;7,75%;36.0;80.0;AA (Fix SCR)
16/01/2026;Scania Credit;USD Mep;Fija;7,49%;36.0;41.0;AA (Fix SCR)
15/01/2026;Banco de Servicios y Transacciones;USD Mep;Fija;7,00%;12.0;10.9;A-1 (Moody’s) / A1 (Fix SCR)
15/01/2026;Banco de Servicios y Transacciones;ARS;TAMAR;5,00%;12.0;10240.0;A-1 (Moody’s) / A1 (Fix SCR)
15/01/2026;Pan American Energy;USD Int;Fija;7,75%;132.0;375.0;BB- (Fitch) / B1 (Moody’s)
14/01/2026;San Miguel (Canje) – Clase A;USD Linked;Fija;8,00%;42.0;51.1;BBB- (Fix SCR)
26/12/2025;CGC;USD Linked;Fija;9,00%;15.0;78.7;A (Moody’s)
23/12/2025;Banco Galicia;USD Mep;Fija;5,50%;12.0;71.9;A-1 (Moody’s)
22/12/2025;Crédito Directo;ARS;TAMAR;7,50%;6.0;10701.0;A2 (Fix SCR)
19/12/2025;PSA Finance;ARS;Fija;TEM 2,65%;9.0;10800.0;A1+ (Fix SCR)
19/12/2025;PSA Finance;ARS;TAMAR;4,24%;12.0;13788.0;A1+ (Fix SCR)
19/12/2025;PSA Finance;UVA;Fija;8,89%;24.0;12.1;AA (Fix SCR)
18/12/2025;EDEMSA;ARS;TAMAR;6,50%;12.0;22400.0;A2 (Fix SCR)
17/12/2025;IRSA – XXIV Adic;USD Int;Fija;8,00%;111.0;180.0;B- (Fitch)
17/12/2025;Rombo Cía. Financiera;ARS;Fija;2,69%;12.0;12214.0;A-1 (Moody’s)
15/12/2025;Arcor;ARS;TAMAR;3,25%;12.0;80000.0;A1+ (Fix SCR)
15/12/2025;YPF Luz;USD Mep;Fija;6,75%;36.0;45.0;AAA (Moody’s)
12/12/2025;CFN;ARS;TAMAR;9,00%;12.0;12295.0;A1 (Fix SCR)
11/12/2025;Volkswagen;ARS;TAMAR;4,50%;12.0;21142.0;A1+ (Fix SCR)
10/12/2025;Cresud;USD Mep;Fija;7,25%;39.0;29.6;AAA (Fix SCR)
10/12/2025;Laboratorios Richmond;ARS;TAMAR;8,50%;12.0;11120.0;A2 (Fix SCR)
10/12/2025;Vista Energy (Adicionales);USD Int;Fija;8,50%;90.0;400.0;BB- (Fitch)
09/12/2025;Nuevo Banco del Chaco;ARS;TAMAR;8,00%;12.0;40000.0;A2 (Fix SCR)
05/12/2025;BBVA;USD Mep;Fija;5,75%;12.0;50.0;A1+ (Fix SCR)
05/12/2025;Oleoductos del Valle;USD Mep;Fija;7,50%;42.0;115.5;AAA (Fix SCR)
04/12/2025;Capex;USD Mep;Fija;8,25%;42.0;70.9;AA (Fix SCR)
04/12/2025;Supervielle;USD Mep;Fija;6,25%;12.0;27.3;A-1 (Moody’s)
03/12/2025;CNH;USD Mep;Fija;8,00%;30.0;56.4;AA (Fix SCR)
02/12/2025;Genneia – Bono Verde;USD Int;Fija;7,75%;96.0;400.0;B– (S&P) / B2 (Moody’s)
02/12/2025;YPF;USD Mep;Fija;7,00%;39.0;194.9;AAA (Fix SCR) / AAA (Moody’s)
28/11/2025;Compañía General de Combustibles;USD Int;Fija;11,88%;60.0;300.0;CCC+ (Fix SCR)
28/11/2025;ICBC;ARS;TAMAR;3,50%;12.0;48760.0;A1+ (Fix SCR)
26/11/2025;Ciudad de Buenos Aires (Ley Inglaterra);USD Int;Fija;7,80%;96.0;600.0;Ba2 (Moody’s) / B- (S&P) / B- (Fitch)
26/11/2025;Tarjeta Naranja;ARS;TAMAR;4,50%;12.0;81764.0;A1+ (Fix SCR)
26/11/2025;Tarjeta Naranja;USD Mep;Fija;6,50%;9.0;90.1;A1+ (Fix SCR)
25/11/2025;Banco Provincia – Serie III;USD Mep;Fija;6,50%;12.0;26.1;A1+ (Fix SCR)
25/11/2025;Banco Provincia – Serie IV;ARS;TAMAR;4,00%;12.0;32302.0;A1+ (Fix SCR)
20/11/2025;BBVA;ARS;TAMAR;3,50%;12.0;43540.0;A1+ (Fix SCR)
20/11/2025;BBVA (Adicionales);ARS;TAMAR;3,20%;7.0;21676.0;A1+ (Fix SCR)
20/11/2025;Credicuotas Consumo;USD Mep;Fija;7,00%;9.0;12.3;A1 (Fix SCR)
20/11/2025;Credicuotas Consumo;ARS;TAMAR;6,00%;12.0;15331.0;A1 (Fix SCR)
20/11/2025;Hipotecario;USD Mep;Fija;6,00%;12.0;34.4;A1+ (Fix SCR)
20/11/2025;Hipotecario;ARS;TAMAR;3,50%;12.0;33784.0;A1+ (Fix SCR)
20/11/2025;Transportadora de Gas del Sur;USD Int;Fija;7,75%;120.0;500.0;B2 (Moody’s)
19/11/2025;Edenor;USD Int;Fija;9,75%;59.0;201.2;B- (Fitch) / B3 (Moody’s) / B- (S&P)
18/11/2025;Pluspetrol;USD Int;Fija;8,13%;66.0;500.0;BB (Fitch) / B1 (Moody’s)
17/11/2025;Provincia de Mendoza 1 Adic.;ARS;TAMAR;4,75%;7.0;43986.0;A- (Moody’s)
17/11/2025;Provincia de Mendoza 2 Adic.;ARS;TAMAR;5,50%;13.0;54807.0;A- (Moody’s)
14/11/2025;BACS Banco de Crédito y Securit.;ARS;TAMAR;4,50%;12.0;30022.0;A1+ (Fix SCR)
14/11/2025;Banco de Galicia;USD Mep;Fija;6,00%;13.0;144.3;A-1 (Moody’s)
14/11/2025;Pampa Energía;USD Int;Fija;7,75%;144.0;450.0;B- (S&P) / B (Fitch)
13/11/2025;Banco Patagonia;USD Mep;Fija;6,25%;12.0;47.2;A-1 (Moody’s)
13/11/2025;Municipalidad de Córdoba;ARS;TAMAR;5,50%;15.0;70000.0;A (Moody’s)
11/11/2025;Mirgor;USD Mep;Fija;8,50%;12.0;20.0;A-1 (Moody’s)
07/11/2025;Banco Comafi;USD Mep;Fija;6,50%;12.0;38.0;A1+ (Fix SCR)
05/11/2025;YPF;USD Int;Fija;8,75%;51.0;500.0;B- (S&P) / B2 (Moody’s)
03/11/2025;Tecpetrol;USD Int;Fija;7,62%;61.0;750.0;BB- (Fitch) / B1 (Moody’s)
23/10/2025;Banco de Servicios y Transacciones;USD Mep;Fija;8,00%;12.0;21.1;A1 (Fix SCR)
23/10/2025;John Deere;USD Mep;Fija;7,50%;18.0;26.2;AA (Fix SCR)
23/10/2025;Otamerica Ebytem – V;USD Mep;Fija;6,69%;12.0;50.0;A-1 (Moody’s)
20/10/2025;Mercado Pago (Adicionales);USD Mep;Fija;4,98%;7.0;46.1;A1+ (Fix SCR) / A-1 (Moody’s)
17/10/2025;Pan American Energy;USD Mep;Fija;6,00%;18.0;56.1;AAA (Fix SCR)
16/10/2025;Tecpetrol;USD Mep;Fija;6,50%;23.0;114.5;AAA (Fix SCR)
15/10/2025;Vista Energy;USD Mep;Fija;6,00%;18.0;73.3;AAA (Moody’s) / AAA (Fix SCR)
08/10/2025;Banco Mariva;USD Linked;Fija;0,00%;6.0;10.2;A-1 (Moody’s)
08/10/2025;YPF;USD Mep;Fija;6,00%;15.0;99.0;AAA (Moody’s) / AAA (Fix SCR)
06/10/2025;Arcor;USD Mep;Fija;5,90%;12.0;100.0;A-1 (Moody’s)
06/10/2025;Mercado Pago;USD Mep;Fija;4,98%;8.0;50.9;A-1 (Moody’s) / A1+ (Fix SCR)
03/10/2025;Inversora Juramento;USD Mep;Fija;9,00%;24.0;30.0;A- (Fix SCR)
03/10/2025;YPF Luz;USD Mep;Fija;6,00%;12.0;79.9;A-1 (Moody’s)
04/09/2025;Banco de Valores;USD Mep;Fija;7,75%;12.0;15.0;A-1 (Moody’s)
04/09/2025;Credicuotas Consumo;ARS;TAMAR;9,50%;9.0;14545.0;A1 (Fix SCR)
04/09/2025;Credicuotas Consumo;USD Mep;Fija;8,00%;9.0;16.4;A1 (Fix SCR)
02/09/2025;Scania Credit;USD Mep;Fija;8,75%;24.0;28.7;AA (Fix SCR)
01/09/2025;Plaza Logística;USD Mep;Fija;8,50%;24.0;21.8;AA (Fix SCR)
28/08/2025;Banco CMF;USD Mep;Fija;6,50%;12.0;21.8;A1 (Fix SCR)
28/08/2025;CRESUD;USD Mep;Fija;7,25%;24.0;31.3;AAA (Fix SCR)
26/08/2025;Tarjeta Naranja;USD Mep;Fija;7,40%;9.0;95.7;A1+ (Fix SCR)
26/08/2025;Tarjeta Naranja;ARS;TAMAR;9,00%;9.0;59968.0;A1+ (Fix SCR)
26/08/2025;YPF;USD Mep;Fija;7,50%;36.0;51.4;AAA (Moody´s) / AAA (Fix SCR)
26/08/2025;YPF;USD Cable;Fija;8,75%;48.0;57.6;AAA (Moody´s) / AAA (Fix SCR)
25/08/2025;Banco Supervielle;USD Mep;Fija;6,75%;12.0;16.3;A-1 (Moody´s)
25/08/2025;Banco Supervielle;USD Mep;Fija;8,00%;24.0;5.0;AA+
25/08/2025;Pan American Energy;USD Mep;Fija;7,50%;42.0;85.9;AAA (Moody´s)
21/08/2025;Central Puerto;USD Cable;Fija;8,00%;42.0;50.0;AA (Fix SCR)
20/08/2025;Banco Hipotecario;USD Mep;Fija;7,00%;12.0;30.8;A-1 (Moody’s)
20/08/2025;Banco Provincia de Córdoba – I;ARS;TAMAR;3,00%;10.0;26094.0;A+1 (Fix SCR) / A-1 (Moody’s)
20/08/2025;Banco Provincia de Córdoba – II;USD Mep;Fija;7,00%;12.0;13.3;A+1 (Fix SCR) / A-1 (Moody’s)
20/08/2025;CFN;ARS;TAMAR;9,00%;10.0;25688.0;A1 (Fix SCR)
19/08/2025;BBVA;USD Mep;Fija;6,00%;12.0;43.4;A1+ (Fix SCR)
19/08/2025;Banco Comafi;USD Mep;Fija;6,75%;12.0;25.4;A1+ (Fix SCR)
12/08/2025;Banco de Galicia;USD Mep;Fija;6,25%;12.0;110.9;A1 (Moody’s)
06/08/2025;Edenor;USD Cable;Fija;8,50%;12.0;80.0;A1 (Fix SCR)
06/08/2025;Edenor;ARS;Tamar;6,00%;12.0;200000.0;A1 (Fix SCR)
30/07/2025;Banco Macro (Adicionales);USD Int;Fija;8,00%;46.0;130.0;Caa1 (Moody’s) / CCC+ (Fitch)
30/07/2025;Pampa Energía;USD Cable;Fija;7,25%;36.0;104.6;AAA (Fix SCR)
24/07/2025;Telecom;USD Int;Fija;9,25%;94.0;200.0;B/RR3 (Fitch Ratings)
23/07/2025;Arcor;USD Int;Fija;7,60%;96.0;350.0;B+ (Fitch Ratings)
22/07/2025;John Deere;USD Mep;Fija;8,50%;24.0;28.5;AA (Fix SCR)
22/07/2025;Loma Negra;USD Cable;Fija;8,00%;24.0;112.9;AAA (Fix SCR)
21/07/2025;Distribuidora de Electricidad de Mendoza S.A.;USD Int;Fija;10,75%;72.0;150.0;B- (Fitch Ratings)
17/07/2025;Telecom;ARS;Tamar;4,00%;12.0;57962.0;A1+
17/07/2025;YPF;USD Mep;Fija;7,50%;36.0;250.0;AAA (Fix SCR / Moody’s)
17/07/2025;YPF;USD Cable;Fija;8,75%;60.0;167.2;AAA (Fix SCR / Moody’s)
16/07/2025;Mercado Pago;ARS;Tamar;2,85%;12.0;51047.0;A1+ (Fix SCR)
16/07/2025;Petroquímica Comodoro Rivadavia S.A.;USD Mep;Fija;8,50%;36.0;38.9;AA (Fix SCR)
10/07/2025;Crown Point Energía S.A.;USD Linked;Fija;13,00%;24.0;25.0;BBB
08/07/2025;Profertil S.A.;USD Mep;Fija;7,25%;24.0;54.3;AAA (Moody´s)
03/07/2025;CRESUD;USD Mep;Fija;8,00%;36.0;43.7;AAA
03/07/2025;Havanna;USD Mep;Fija;8,75%;36.0;18.5;A+
02/07/2025;Compañía MEGA;USD Mep;Fija;7,50%;24.0;59.6;AAA
30/06/2025;Telecom;USD Mep;Fija;7,50%;24.0;50.5;AA+
24/06/2025;Pluspetrol;USD Int;Fija;8,50%;83.0;200.0;BB (Fitch) / B3 (Moody’s)
17/06/2025;Banco Macro;USD Int;Fija;8,00%;48.0;400.0;Caa2 (Moody´s) / CCC+ (Fitch Ratings)
12/06/2025;Capex;USD Mep;Fija;7,75%;36.0;45.1;AA
12/06/2025;ICBC;ARS;Tamar;3,25%;12.0;3478.2;A1+
11/06/2025;Oleoductos del Valle;USD Mep;Fija;7,89%;36.0;85.0;AAA
10/06/2025;Supervielle;ARS;Tamar;3,25%;12.0;28355.0;A-1 (Moody´s)
05/06/2025;BBVA;ARS;Tamar;3,20%;12.0;115034.5;A1+
04/06/2025;Credicuotas Consumo;ARS;Tamar;6,00%;12.0;11598.8;A1
04/06/2025;VISTA;USD Int;Fija;8,50%;96.0;500.0;BB- (Fitch Ratings)
29/05/2025;BBVA;USD Mep;Fija;5,75%;12.0;62.3;A1+
29/05/2025;Banco de Servicios Financieros;ARS;Tamar;6,00%;12.0;16237.0;A2
29/05/2025;Pecom;USD Mep;Fija;7,50%;24.0;30.2;AA-
23/05/2025;Banco de Galicia y Buenos Aires;USD Mep;Fija;4,00%;7.0;68.7;A-1 (Moody´s)
23/05/2025;Banco de Galicia y Buenos Aires;USD Mep;Fija;5,90%;12.0;31.3;A-1 (Moody´s)
22/05/2025;Comafi;ARS;Tamar;3,50%;12.0;11585.0;A1+
22/05/2025;Comafi;USD Mep;Fija;4,50%;6.0;35.4;A1+
22/05/2025;John Deere;USD Mep;Fija;7,50%;24.0;42.1;AA
22/05/2025;Pluspetrol;USD Int;Fija;8,50%;84.0;450.0;B3 (Moody´s) / BB (Fitch Ratings)
22/05/2025;Supervielle;USD Mep;Fija;4,50%;6.0;59.3;A-1 (Moody´s)
22/05/2025;Telecom;USD Int;Fija;9,25%;96.0;800.0;B-RR3 (Moody´s)
21/05/2025;Santander;ARS;TEM;2,65%;6.0;20750.0;A1+
21/05/2025;Santander;ARS;Tamar;3,25%;12.0;65840.0;A1+
21/05/2025;Toyota;ARS;Tamar;3,75%;21.0;14000.0;AA+
20/05/2025;Pampa Energía;USD Int;Fija;7,88%;115.0;340.0;B/RR3 (Fitch)
19/05/2025;CNH Industrial Capital Argentina;USD Mep;Fija;8,25%;24.0;25.2;AA
15/05/2025;YPF Energía Eléctrica;USD Mep;Fija;6,50%;24.0;53.8;AAA
09/05/2025;Supervielle;ARS;Tamar;3,50%;6.0;48196.8;A-1 (Moody's)
08/05/2025;Distribuidora de Electricidad de Mendoza;USD Mep;Fija;8,00%;30.0;12.3;A+
08/05/2025;Distribuidora de Electricidad de Mendoza;ARS;Tamar;7,00%;12.0;13948.8;A2
07/05/2025;Arcor;USD Mep;Fija;6,75%;24.0;68.4;AAA
07/05/2025;Arcor;ARS;Tamar;2,74%;12.0;33329.2;A1+
07/05/2025;Galicia;USD Cable;Fija;0,00%;6.0;128.0;A-1 (Moody's)
06/05/2025;YPF;USD Mep;Fija;7,00%;24.0;139.5;AAA (Fix SCR) / AAA (Moody´s)
29/04/2025;Banco de Galicia;ARS;Tamar;3,50%;12.0;53701.8;A-1 (Moody's)
29/04/2025;Banco de Galicia;ARS;TEM;2,65%;6.0;12195.5;A-1 (Moody's)
29/04/2025;Comafi;USD Mep;Fija;4,25%;3.0;36.3;A1+
29/04/2025;Comafi;ARS;TEM;2,70%;11.0;6001.6;A1+
29/04/2025;Comafi;USD Cable;Fija;0,75%;6.0;27.7;A1+
29/04/2025;Pluspetrol;USD Mep;Fija;7,25%;36.0;90.7;AAA
25/04/2025;Tarjeta Naranja;USD Mep;Fija;7,90%;24.0;32.7;AA
25/04/2025;Tarjeta Naranja;USD Cable;Fija;0,00%;6.0;45.0;A1+
25/04/2025;Tarjeta Naranja;ARS;Tamar;4,50%;12.0;85073.0;A1+
14/04/2025;MSU Agro;USD Mep;Fija;8,50%;48.0;34.9;A+
10/04/2025;Pan American Energy;USD Linked;Fija;2,00%;18.0;200.0;AAA
04/04/2025;YPF;USD Linked;Fija;1,00%;14.0;204.0;AAA
25/03/2025;IRSA;USD Int;Fija;8,00%;120.0;300.5;AAA
10/03/2025;Banco Industrial;USD Mep;Fija;4,75%;6.0;37.3;A-1 (Moody's)
10/03/2025;Banco de Valores;USD Mep;Fija;7,50%;24.0;30.0;AA+
07/03/2025;Banco Columbia;ARS;Tamar;4,99%;12.0;18877.8;A3
07/03/2025;Galicia;USD Mep;Fija;4,75%;12.0;69.9;A-1 (Moody´s)
06/03/2025;Banco Comafi;ARS;Tamar;2,85%;12.0;22175.0;A1+
06/03/2025;Pan American Energy;ARS;Tamar;2,15%;12.0;55000.0;A-1 (Moody´s) / A1+ (Fix SCR)
06/03/2025;Pecom;USD Mep;Fija;7,90%;48.0;29.9;AA-
06/03/2025;Supervielle;ARS;Tamar;2,75%;12.0;30580.0;A-1 (Moody´s)
05/03/2025;CGC;USD Mep;Fija;7,00%;24.0;27.6;AA- (Moody´s)
05/03/2025;Vista Energy;USD Cable;Fija;7,50%;60.0;92.4;AAA (Fix SCR) / AAA (Moody´s)
27/02/2025;Genneia;USD Mep;Fija;6,50%;36.0;27.8;AA+ (Moody´s) / SVS
27/02/2025;PSA Finance Argentina;ARS;Tamar;3,20%;12.0;1981.3;A1+
27/02/2025;SVS 360 Energy Solar;USD Mep;Fija;8,75%;19.0;15.0;A / BV1 (Fix SCR)
25/02/2025;River Plate;ARS;Tamar;3,89%;24.0;12000.0;BS2+ (UNTREF)
25/02/2025;YPF;USD Mep;Fija;6,25%;24.0;139.9;AAA (Fix SCR) / AAA (Moody´s)
25/02/2025;YPF;USD Mep;Fija;3,50%;6.0;59.0;A1+ (Fix SCR) / A-1 (Moody´s)
24/02/2025;BBVA;ARS;Tamar;2,75%;6.0;9062.7;A1+
24/02/2025;BBVA;USD Cable;Fija;3,50%;12.0;16.5;A1+
24/02/2025;BBVA;USD Mep;Fija;4,00%;8.0;20.4;A1+
24/02/2025;BBVA;ARS;Tamar;2,75%;12.0;57002.9;A1+
20/02/2025;Arcor;ARS;Tamar;2,40%;12.0;60000.0;A-1 (Moody´S)
20/02/2025;Empresa Distribuidora de Elec. de Salta;USD Mep;Fija;8,50%;24.0;22.5;A-
19/02/2025;Banco Hipotecario;ARS;Tamar;2,75%;12.0;50000.0;A1+
19/02/2025;Santander;ARS;Tamar;2,75%;12.0;70092.0;A-1
18/02/2025;Camuzzi Gas Pampeana;USD Mep;Fija;7,95%;24.0;70.0;A+
13/02/2025;Comafi;USD Mep;Fija;0,25%;2.0;65.0;A1+
12/02/2025;Petroquimica Comodoro Rivadavia;USD Mep;Fija;8,00%;82.0;65.0;AA
06/02/2025;Galicia;ARS;Tamar;2,75%;12.0;79786.9;A-1 (Moody's)
06/02/2025;Galicia;USD Mep;Fija;4,15%;6.0;73.8;A-1 (Moody's)
06/02/2025;Pan American Energy;USD Cable;Fija;6,50%;30.0;120.0;AAA (Moody's) / AAA (Fix SCR)
05/02/2025;BST;USD Mep;Fija;5,75%;6.0;21.1;A-1 (Moody's)
05/02/2025;Supervielle;USD Mep;Fija;4,15%;6.0;29.4;A-1 (Moody's)
05/02/2025;Supervielle;ARS;Tamar;2,75%;24.0;50974.1;A-1 (Moody's)
04/02/2025;Balanz;USD Mep;Fija;5,00%;16.0;15.0;A
04/02/2025;Banco CMF;ARS;Tamar;3,25%;12.0;10250.0;A1
04/02/2025;Banco CMF;USD Mep;Fija;4,50%;6.0;19.4;A1
04/02/2025;San Miguel;USD Mep;Fija;9,50%;24.0;16.3;A-
30/01/2025;Comafi;USD Mep;Fija;4,25%;6.0;38.5;A1+
30/01/2025;Comafi;USD Mep;Fija;2,00%;2.0;11.5;A1+
29/01/2025;Ledesma;USD Mep;Fija;7,00%;30.0;31.1;AA-
28/01/2025;Petrolera Aconcagua Energía;USD Mep;Fija;9,00%;36.0;29.5;A+
23/01/2025;Pluspetrol;USD Mep;Fija;7,50%;60.0;123.0;AAA
23/01/2025;Pluspetrol;USD Mep;Fija;6,00%;36.0;74.2;AAA
16/01/2025;Banco Mariva;USD Mep;Fija;3,50%;3.0;9.5;A-1
16/01/2025;Credicuotas Consumo;USD Mep;Fija;7,00%;9.0;18.2;A1
16/01/2025;Oiltanking;USD Mep;Fija;8,00%;60.0;35.2;AA
16/01/2025;Oiltanking;USD Mep;Fija;7,00%;36.0;28.3;AA
16/01/2025;Tecpetrol;USD Int;Fija;7,62%;96.0;400.0;BB- (Fitch) / B3 (Moody's)
13/01/2025;Supervielle;USD Mep;Fija;4,18%;7.0;10.0;A-1
08/01/2025;YPF;USD Int;Fija;8,25%;108.0;1100.0;CCC/RR4 (Fitch+S&P)
20/12/2024;Galicia;ARS;Tamar;2,70%;12.0;35088.8;A-1
19/12/2024;Aeropuertos 2000;USD Mep;Fija;5,50%;24.0;28.8;AA+
19/12/2024;Credito Directo;ARS;Variable;8,00%;12.0;8000.0;A3
19/12/2024;PSA Finance Argentina;ARS;Tamar;3,25%;18.0;8344.4;AA
19/12/2024;PSA Finance Argentina;ARS;Tamar;2,74%;9.0;11655.6;A1+
18/12/2024;Banco Hipotecario;ARS;Tamar;2,75%;12.0;45347.5;A1+
18/12/2024;CMF;USD Mep;Fija;4,40%;6.0;6.0;A1
18/12/2024;Comafi;USD Mep;Fija;4,50%;6.0;12.0;A1+
18/12/2024;Comafi;USD Mep;Fija;2,00%;3.0;18.2;A1+
18/12/2024;MSU Energy;USD Mep;Fija;8,50%;48.0;21.4;A / BV1
12/12/2024;Mastellone;USD Mep;Fija;4,50%;6.0;20.0;A-1 (Moody's)
09/12/2024;BBVA;ARS;Fija;2,74%;12.0;37706.7;A1+
09/12/2024;BBVA;ARS;Fija;2,75%;9.0;15088.2;A1+
09/12/2024;Pampa Energía;USD Int;Fija;7,88%;120.0;360.0;B / RR3 (Fitch)
09/12/2024;Raghsa;USD Int;Fija;8,50%;96.0;48.7;Caa2 (Moody's)
05/12/2024;Sidersa;USD Mep;Fija;6,50%;24.0;27.6;A+
04/12/2024;VISTA;USD Int;Fija;7,62%;132.0;600.0;BB- (Fitch) / Caa2 (Moody's)
03/12/2024;Plaza Logística;USD Mep;Fija;7,00%;42.0;9.6;AA / BSVS
03/12/2024;Toyota;ARS;Variable;5,99%;18.0;20000.0;AA+
02/12/2024;Galicia;ARS;Fija;3,00%;4.0;23496.2;A1+
02/12/2024;Galicia;USD Mep;Fija;4,25%;6.0;97.7;A1+
28/11/2024;Empresa distribuidora de Electricidad de Mendoza;ARS;Variable;7,00%;12.0;17048.4;A2
28/11/2024;Empresa distribuidora de Electricidad de Mendoza;USD Mep;Fija;8,00%;36.0;16.1;A
28/11/2024;FCA Compañía Financiera;UVA;Fija;8,84%;30.0;6.5;AA
28/11/2024;FCA Compañía Financiera;ARS;Fija;33,60%;16.0;7500.0;AA
27/11/2024;Supervielle;USD Mep;Fija;4,70%;5.0;30.0;A-1
26/11/2024;Credicuotas;ARS;Variable;7,00%;12.0;7990.0;A1
26/11/2024;Credicuotas;ARS;Fija;41,00%;6.0;22010.0;A1
26/11/2024;Telecom;USD Mep;Fija;7,00%;48.0;75.2;AA+ (Moody's) / AA+ (Fix)
25/11/2024;Banco de Servicios Financieros;ARS;Variable;7,00%;12.0;14055.0;A2
25/11/2024;MSU Energy;USD Int;Fija;9,75%;72.0;176.6;CCC/RR2 (Fitch)
25/11/2024;MSU Energy;USD Int;Fija;9,75%;72.0;;CCC/RR2 (Fitch)
25/11/2024;Rizobacter;USD Mep;Fija;8,00%;24.0;23.5;A+
25/11/2024;Rizobacter;USD Linked;Fija;7,00%;36.0;23.5;A+
20/11/2024;BACS;ARS;Variable;5,98%;12.0;20000.0;A1+
20/11/2024;YPF Luz;USD Mep;Fija;6,75%;48.0;51.0;AAA
20/11/2024;YPF Luz;USD Mep;Fija;5,25%;24.0;49.0;AAA
13/11/2024;Cresud;USD Mep;Fija;7,00%;48.0;64.4;AA+
11/11/2024;Pan American Energy;USD Mep;Fija;6,25%;48.0;74.2;AAA (Moody's) / AAA (Fitch)
11/11/2024;Pan American Energy;USD Mep;Fija;7,25%;84.0;78.1;AAA (Moody's) / AAA (Fitch)
08/11/2024;CNH Industrial Capital Argentina;USD Mep;Fija;7,50%;48.0;11.1;AA
08/11/2024;CNH Industrial Capital Argentina;USD Mep;Fija;6,00%;24.0;17.0;AA
07/11/2024;GEMSA – CTR;USD Int;Fija;11,00%;84.0;3.7;Caa3 (Moody's) / CCC/RR3 (Fitch)
07/11/2024;Minera Exar;USD Mep;Fija;8,00%;36.0;50.0;AA (Moody's) / AA (Fix)
05/11/2024;GEMSA – CTR;USD Mep;Fija;11,00%;84.0;;
05/11/2024;GEMSA – CTR;USD Linked;Fija;11,00%;84.0;;
04/11/2024;Surcos;USD Linked;Fija;9,00%;24.0;15.2;A- / BVS2
04/11/2024;Surcos;USD Mep;Fija;9,00%;30.0;1.6;A-
04/11/2024;Surcos;ARS;Fija;44,00%;9.0;3078.4;A2
01/11/2024;Galicia;USD Mep;Fija;2,00%;6.0;83.5;A1+
31/10/2024;BST;USD Mep;Fija;0,25%;3.0;12.0;A-1
30/10/2024;Oiltanking;USD Mep;Fija;7,00%;48.0;35.5;AA
29/10/2024;Comafi;USD Mep;Fija;0,00%;3.0;16.6;A1+
29/10/2024;Comafi;USD Mep;Fija;0,50%;3.0;87.5;A1+
29/10/2024;Crown Point Energia;USD Mep;Fija;9,50%;36.0;22.0;A+
28/10/2024;360 Energy Solar;USD Mep;Fija;8,00%;36.0;22.3;A / BV1
24/10/2024;GEMSA – CTR;USD Int;Fija;11,00%;84.0;209.3;Caa3 (Moody's) / CCC/RR3 (Fitch)
24/10/2024;GEMSA – CTR;USD Int;Fija;11,00%;84.0;141.0;Caa3 (Moody's) / CCC/RR3 (Fitch)
24/10/2024;Petrolera Aconcagua Energía;USD Linked;Fija;8,00%;48.0;18.2;A+
24/10/2024;Petrolera Aconcagua Energía;USD Mep;Fija;9,00%;48.0;30.6;A+
24/10/2024;Telecom;USD Int;Fija;9,50%;84.0;200.0;B / RR3
23/10/2024;Edenor;USD Int;Fija;9,75%;72.0;135.0;CCC+ (Fitch) / CCC (S&P)
23/10/2024;Generación Litoral;USD Mep;Fija;10,75%;52.0;14.9;A+
22/10/2024;Tecpetrol;USD Mep;Fija;5,00%;36.0;67.4;AAA
22/10/2024;Tecpetrol;USD Mep;Fija;6,80%;52.0;80.5;AAA
21/10/2024;IRSA;USD Mep;Fija;5,75%;36.0;15.8;AA+
21/10/2024;IRSA;USD Mep;Fija;7,25%;60.0;51.5;AA+
18/10/2024;Edenor;USD Int;Fija;9,75%;72.0;135.0;CCC+ (Fitch) / CCC (S&P)
18/10/2024;Petroquimica Comodoro Rivadavia;USD Mep;Fija;6,75%;48.0;46.0;AA
17/10/2024;Volkswagen;ARS;Variable;5,75%;12.0;15975.0;A1+
16/10/2024;John Deere;USD Mep;Fija;5,00%;24.0;28.7;AA
16/10/2024;John Deere;USD Mep;Fija;6,50%;48.0;16.4;AA
15/10/2024;Genneia;USD Mep;Fija;6,00%;48.0;48.3;AA / SVS
15/10/2024;ICBC;ARS;Variable;5,00%;12.0;7525.0;A-1
09/10/2024;San Miguel;USD Mep;Fija;9,50%;24.0;18.0;A-
09/10/2024;San Miguel;USD Linked;Fija;7,00%;21.0;28.2;A- / BVS2
09/10/2024;YPF Luz;USD Int;Fija;7,88%;96.0;420.0;Caa3 (Moody's) / CCC (S&P)
08/10/2024;CGC;USD Mep;Fija;6,50%;36.0;68.3;AA-
08/10/2024;Vista;USD Mep;Fija;7,55%;84.0;150.0;AAA
07/10/2024;Cohen;USD Mep;Fija;6,25%;24.0;8.9;A-
07/10/2024;Inversora Juramento;USD Mep;Fija;6,00%;15.0;20.0;SC
07/10/2024;YPF;USD Mep;Fija;7,00%;48.0;25.0;AAA
07/10/2024;YPF;USD Mep;Fija;6,50%;48.0;125.0;AAA
03/10/2024;Galicia;USD Int;Fija;7,75%;48.0;325.0;Caa3 (Moody's) / CCC (S&P)
03/10/2024;YPF;USD Int;Fija;9,75%;84.0;0.5;Caa3 (Moody's) / CCC (S&P)
02/10/2024;Arcor;ARS;Variable;4,99%;12.0;40000.0;A1+
02/10/2024;Grupo ST;USD Mep;Fija;7,00%;9.0;7.7;A1+
02/10/2024;Pampa Energía;USD Mep;Fija;5,75%;48.0;84.0;AA+
25/09/2024;Credicuotas Consumo;ARS;Variable;8,00%;9.0;11371.2;A1
25/09/2024;PAE;USD Mep;Fija;4,97%;36.0;176.9;AAA
25/09/2024;PAE;USD Mep;Fija;7,00%;60.0;23.1;AAA
18/09/2024;BBVA;ARS;Variable;5,00%;9.0;24500.0;A1+
17/09/2024;Galicia;ARS;Variable;3,95%;5.0;42106.8;A1+
17/09/2024;Galicia;ARS;Variable;4,50%;4.0;9257.0;A1+
16/09/2024;BST;ARS;Variable;6,50%;9.0;12040.0;A-1
05/09/2024;Pampa Energía;USD Int;Fija;7,95%;84.0;410.0;B / RR3 (Fitch Ratings) - CCC (S&P)
04/09/2024;YPF;USD Int;Fija;8,75%;84.0;500.0;Caa3 (Moody's) / CCC (S&P)
02/09/2024;Petrolera Aconcagua Energía;ARS;Variable;8,00%;12.0;19313.6;A1
27/08/2024;ICBC;ARS;Variable;5,00%;36.0;37393.0;A-
26/08/2024;Albanesi Energia;USD Linked;Fija;6,75%;36.0;3.8;A
26/08/2024;Albanesi Energia;USD Linked;Fija;6,75%;42.0;0.2;A
26/08/2024;Albanesi Energia;USD Linked;Fija;6,75%;42.0;0.9;A
26/08/2024;Albanesi Energia;USD Mep;Fija;9,75%;36.0;5.0;A
26/08/2024;Albanesi Energia;USD Linked;Fija;6,75%;36.0;1.5;A
15/08/2024;Banco Comfi;USD Linked;Fija;0,00%;3.0;15.4;A1+
15/08/2024;Banco Comfi;USD Mep;Fija;1,00%;12.0;28.4;A1+
15/08/2024;Banco Comfi;USD Mep;Fija;1,00%;7.0;5.0;A1+
07/08/2024;Crown Point Energia;USD Linked;Fija;8,00%;18.0;7.2;BBB+
06/08/2024;Celulosa;USD Linked;Fija;7,00%;18.0;11.3;BBB+
06/08/2024;Celulosa;USD Mep;Fija;8,00%;18.0;3.7;BBB+
06/08/2024;Galicia;ARS;Variable;4,50%;6.0;35384.0;A1+
05/08/2024;Telecom;USD Linked;Fija;2,00%;18.0;33.7;AA+
01/08/2024;Edenor;USD Mep;Fija;9,50%;48.0;81.9;A
01/08/2024;Edenor;ARS;Variable;7,00%;12.0;17313.4;A1
31/07/2024;Supervielle;ARS;Variable;5,25%;12.0;20877.8;A1
25/07/2024;San Miguel;USD Linked;Fija;7,00%;24.0;24.7;A- / BVS2
25/07/2024;San Miguel;USD Mep;Fija;9,00%;24.0;7.3;A- / BVS2
24/07/2024;Telecom;USD Int;Fija;9,50%;83.0;115.3;B/RR3
19/07/2024;MSU;USD Mep;Fija;7,50%;36.0;33.5;A+ (Fix) / A+ (Moody's)
15/07/2024;Cresud;USD Linked;Fija;1,50%;36.0;28.6;AA+
12/07/2024;PCR;USD Linked;Fija;1,50%;36.0;35.0;AA
11/07/2024;Telecom;USD Int;Fija;9,50%;84.0;500.0;B/RR3
10/07/2024;CGC;USD Linked;Fija;3,00%;19.0;25.4;AA-
04/07/2024;Vista;USD Linked;Fija;3,00%;48.0;53.2;AAA (Fix) / AAA (Moody's)
03/07/2024;Capex;USD Linked;Fija;0,00%;36.0;55.6;AA
02/07/2024;PAE;USD Linked;Fija;0,00%;36.0;75.0;AAA
01/07/2024;John Deere;USD Linked;Fija;0,00%;18.0;30.0;AA
27/06/2024;Lipsa;USD Mep;Fija;9,00%;24.0;12.0;A (Fix) / A (Moody's)
26/06/2024;CGC;USD Linked;Fija;3,00%;24.0;149.6;AA-
26/06/2024;Genneia;USD Linked;Fija;2,00%;24.0;60.0;AA
26/06/2024;Rizobacter;USD Linked;Fija;5,00%;24.0;13.0;A+
26/06/2024;Rizobacter;USD Mep;Fija;7,50%;24.0;7.0;A+
25/06/2024;YPF;USD Linked;Fija;1,00%;24.0;185.0;AAA
13/06/2024;Oleaductos del Valle;USD Linked;Fija;3,00%;24.0;75.0;AAA
11/06/2024;Aluar;USD Mep;Fija;6,00%;24.0;50.0;AAA
11/06/2024;YPF Luz;USD Linked;Fija;2,00%;30.0;97.5;AAA
11/06/2024;YPF Luz;USD Mep;Fija;5,90%;36.0;10.2;AAA
10/06/2024;Telecom;USD Linked;Fija;5,00%;24.0;21.6;AA+ (Moody's) / AA+ (Fix)
06/06/2024;Arcor;ARS;Variable;4,25%;12.0;65681.2;A1+ (Fix) / A-1 (Moody's)
05/06/2024;IRSA;USD Mep;Fija;6,00%;24.0;23.0;AA+
05/06/2024;IRSA;ARS;Variable;4,50%;12.0;17012.7;A1+
05/06/2024;Plaza Logística;UVA;Fija;2,49%;36.0;5.2;AA-
05/06/2024;Plaza Logística;ARS;Variable;5,00%;12.0;8124.8;A1
04/06/2024;Balanz;USD Mep;Fija;5,00%;24.0;35.0;
04/06/2024;Telecom;USD Linked;Fija;5,00%;24.0;59.7;AA+
03/06/2024;GEMSA – CTR;USD Int;Step Up;12,50%;36.0;21.2;A
27/05/2024;GEMSA – CTR;USD Mep;Step Up;9,50%;24.0;11.1;A
27/05/2024;GEMSA – CTR;UVA;Fija;5,00%;24.0;1.9;A
27/05/2024;GEMSA – CTR;UVA;Fija;5,00%;24.0;2.8;A
27/05/2024;GEMSA – CTR;USD Int;Step Up;12,50%;36.0;38.8;A
27/05/2024;GEMSA – CTR;ARS;Variable;10,00%;12.0;1109.1;A2
27/05/2024;John Deere;ARS;Variable;4,20%;12.0;10000.0;A1
27/05/2024;John Deere;USD Mep;Fija;6,00%;24.0;23.9;AA
24/05/2024;Banco Comafi;USD Mep;Step Up;1,00%;6.0;10.8;A1+
24/05/2024;Banco Comafi;USD Cable;Fija;1,00%;6.0;23.1;A1+
23/05/2024;YPF;USD Mep;Fija;6,00%;24.0;177.7;AAA
14/05/2024;Celulosa;USD Mep;Fija;9,25%;48.0;34.9;BBB+
14/05/2024;Celulosa;ARS;Variable;6,99%;12.0;4533.4;A2
10/05/2024;Pampa Energía;USD Cable;Fija;6,00%;23.0;52.5;AA+
07/05/2024;Newsan;ARS;Variable;6,00%;12.0;13060.7;A-1
06/05/2024;CFN;ARS;Variable;7,00%;12.0;5956.7;A2
02/05/2024;EDEMSA;UVA;Fija;5,00%;24.0;31.9;A
02/05/2024;EDEMSA;ARS;Variable;7,00%;12.0;6607.0;A2
02/05/2024;Inversora Juramento;ARS;Variable;3,00%;12.0;30000.0;A2
30/04/2024;Vista Oil & Gas;USD Cable;Fija;8,00%;60.0;46.6;AAA
30/04/2024;Vista Oil & Gas (Adicionales);USD Cable;Fija;6,50%;34.0;32.2;AAA
25/04/2024;Capex;USD Mep;Fija;5,95%;26.0;47.4;AA
25/04/2024;Pan American Energy (int);USD Int;Fija;8,50%;96.0;400.0;BB- / Caa1
22/04/2024;Oiltanking;USD Mep;Fija;7,00%;36.0;32.9;AA
18/04/2024;Cresud;USD Cable;Fija;6,00%;30.0;10.2;AA+
18/04/2024;Tecpetrol;USD Mep;Fija;5,98%;24.0;120.0;AAA
09/04/2024;Raghsa;USD Mep;Fija;5,98%;24.0;10.0;AA-
26/03/2024;Edenor;ARS;Variable;3,00%;11.0;20820.9;A1 (Fix) / BBB+ (Moody's)
22/03/2024;Pampa Energía;USD Cable;Fija;6,00%;24.0;55.2;AA+
19/03/2024;Aluar;USD Cable;Fija;6,25%;36.0;100.0;AAA
08/03/2024;MSU Energy;USD Mep;Fija;8,25%;24.0;14.0;A+
08/03/2024;MSU Energy;ARS;Variable;3,00%;10.0;7831.1;A1
07/03/2024;GEMSA – CTR;USD Mep;Fija;9,50%;24.0;5.5;A
07/03/2024;GEMSA – CTR;UVA;Variable;0,00%;36.0;6.0;A
07/03/2024;GEMSA – CTR;ARS;Variable;5,00%;12.0;1696.4;A2
07/03/2024;GEMSA – CTR;USD Linked;Fija;5,00%;16.0;1.9;A
06/03/2024;Genneia;USD Mep;Fija;6,25%;36.0;20.7;AA
06/03/2024;Genneia;USD Linked;Fija;5,00%;24.0;12.5;AA
06/03/2024;Plaza Logística;UVA;Variable;0,00%;24.0;13.3;AA-
05/03/2024;Edenor;USD Mep;Fija;9,75%;32.0;95.8;A1
05/03/2024;Edenor;ARS;Variable;3,00%;12.0;3577.4;BBB+
05/03/2024;John Deere;USD Linked;Fija;7,50%;24.0;24.5;AA
04/03/2024;Vista Oil & Gas;USD Cable;Fija;6,50%;36.0;60.0;AAA
01/03/2024;Banco CMF;ARS;Variable;3,50%;6.0;10024.0;A1
28/02/2024;CNH Industrial Capital Argentina;USD Linked;Fija;7,50%;24.0;53.3;AA
28/02/2024;Petrolera Comodora Rivadavia;ARS;Variable;0,00%;12.0;21065.0;A1+
27/02/2024;Pan American Energy;USD Cable;Fija;5,70%;24.0;13.4;AAA
27/02/2024;Petrolera Aconcagua Energía;USD Mep;Fija;8,50%;36.0;9.1;A+
27/02/2024;Petrolera Aconcagua Energía;USD Mep;Fija;9,50%;48.0;4.4;A+
27/02/2024;Petrolera Aconcagua Energía;USD Linked;Fija;7,50%;36.0;13.4;A+
26/02/2024;IRSA;ARS;Variable;0,99%;12.0;26203.8;AA+
26/02/2024;IRSA;USD Mep;Fija;7,00%;36.0;21.4;AA+
26/02/2024;Pampa Energía;ARS;Variable;-1,00%;12.0;17131.2;A1+
23/02/2024;Santander;ARS;Variable;2,50%;6.0;37941.6;A1+
23/02/2024;YPF;USD Linked;Fija;3,00%;36.0;18.0;AAA
23/02/2024;YPF Luz;USD Mep;Fija;6,00%;36.0;11.3;AAA
22/02/2024;BST;ARS;Variable;2,00%;12.0;3392.5;A-2
22/02/2024;Surcos;USD Linked;Fija;7,00%;24.0;3.6;A-
22/02/2024;Surcos;ARS;Variable;6,00%;12.0;745.0;A2
21/02/2024;CGC;USD Linked;Fija;4,00%;24.0;21.5;AA-
21/02/2024;CGC;USD Mep;Fija;7,00%;24.0;38.5;AA-
15/02/2024;Banco Hipotecario;ARS;Variable;3,00%;6.0;10401.0;A-1
15/02/2024;Grupo ST;USD Linked;Fija;6,00%;24.0;8.4;A-
15/02/2024;Grupo ST;ARS;Variable;3,00%;24.0;1743.8;A-
08/02/2024;Albanesi Energia;ARS;Variable;5,00%;12.0;4601.5;A2
08/02/2024;Albanesi Energia;USD Mep;Fija;9,00%;30.0;11.6;A
08/02/2024;Albanesi Energia;USD Linked;Fija;6,50%;24.0;5.6;A
07/02/2024;Plaza Logística;ARS;Variable;-0,98%;12.0;3994.4;A1
31/01/2024;Banco de Servicios Financieros;ARS;Variable;4,00%;12.0;10000.0;A-1
30/01/2024;Newsan;ARS;Variable;3,75%;12.0;12000.0;A2
15/01/2024;Galicia;ARS;Variable;2,00%;6.0;24727.8;A1+
11/01/2024;Cresud;ARS;Variable;0,00%;12.0;19886.0;A1+
11/01/2024;Cresud;USD Mep;Fija;6,00%;36.0;39.8;AA+
10/01/2024;YPF;USD Int;Fija;9,50%;84.0;800.0;Caa3
05/12/2023;Crown Point Energia;USD Linked;Fija;5,00%;20.0;6.0;BBB+
05/12/2023;Generación Mediterranea y CT Roca;USD Mep;Fija;9,50%;28.0;3.7;A
05/12/2023;Generación Mediterranea y CT Roca;USD Linked;Fija;6,50%;28.0;27.0;A
05/12/2023;Generación Mediterranea y CT Roca;USD Linked;Fija;6,50%;28.0;0.7;A
05/12/2023;Telecom;USD Linked;Fija;0,00%;36.0;30.9;AA+
04/12/2023;Vista Oil & Gas;USD Mep;Fija;5,00%;30.0;14.7;AAA
08/11/2023;PAE;USD Mep;Fija;2,99%;27.0;20.0;AAA
01/11/2023;Loma Negra;USD Mep;Fija;6,00%;30.0;10.0;AAA
01/11/2023;Tarjeta Naranja;ARS;Variable;5,00%;12.0;27381.3;A1
30/10/2023;Banco Macro;USD Mep;Fija;5,00%;12.0;53.0;A-1
11/10/2023;Central Puerto;USD Mep;Fija;10,00%;24.0;50.0;AA-
11/10/2023;MSU;USD Linked;Fija;1,00%;36.0;92.4;A-/BV1
11/10/2023;MSU;USD Linked;Fija;4,50%;120.0;22.4;A-/BV1
11/10/2023;Newsan;ARS;Variable;3,00%;12.0;4000.0;A-1
11/10/2023;Newsan;ARS;Variable;0,00%;12.0;2337.3;A-1
11/10/2023;PAE;USD Mep;Fija;4,95%;24.0;20.0;AAA
10/10/2023;Aluar;USD Mep;Fija;7,00%;60.0;137.9;AAA
10/10/2023;Generación Mediterranea y CT Roca;USD Linked;Fija;6,50%;30.0;23.6;A
10/10/2023;Generación Mediterranea y CT Roca;UVA;Variable;5,00%;42.0;10846.5;A
10/10/2023;Generación Mediterranea y CT Roca;USD Mep;Fija;9,50%;30.0;4.5;A
10/10/2023;Generación Mediterranea y CT Roca;USD Linked;Fija;6,50%;30.0;12.3;A
10/10/2023;Generación Mediterranea y CT Roca;UVA;Variable;5,00%;42.0;418.5;A
10/10/2023;PAE;USD Linked;Fija;1,00%;58.0;60.0;AAA
10/10/2023;Volkswagen;ARS;Variable;4,50%;12.0;10000.0;A1+
05/10/2023;YPF;USD Linked;Fija;0,00%;36.0;127.9;AAA (Fix) / AA+ (Moodys)
03/10/2023;Arcor;ARS;Variable;3,49%;12.0;17000.0;A1+
28/09/2023;San Miguel;USD Linked;Fija;5,00%;21.0;33.6;A- / BVS2
20/09/2023;PCR;USD Linked;Fija;0,00%;48.0;60.0;AA-
19/09/2023;Albanesi Energia;USD Linked;Fija;5,00%;24.0;36.8;A
19/09/2023;Albanesi Energia;USD Mep;Fija;9,50%;30.0;6.7;A
12/09/2023;Central Puerto;USD Mep;Fija;7,00%;36.0;37.2;AA-
12/09/2023;Petrolera Aconcagua Energía;USD Linked;Fija;0,00%;36.0;10.1;A
12/09/2023;Petrolera Aconcagua Energía;USD Linked;Fija;3,40%;48.0;19.9;A
07/09/2023;Loma Negra;USD Mep;Fija;7,49%;30.0;55.0;AAA
07/09/2023;YPF;USD Linked;Fija;0,00%;60.0;400.0;AAA (Fix) / AA+ (Moodys)
05/09/2023;Boldt;USD Mep;Fija;10,00%;30.0;5.0;A-
05/09/2023;Capex;USD Linked;Fija;0,00%;36.0;30.7;AA-
05/09/2023;Pampa Energía;USD Mep;Fija;5,00%;24.0;72.1;AA+
05/09/2023;historia;USD Linked;Fija;0,00%;48.0;39.3;AA-
18/08/2023;Capex;USD Mep;Fija;9,25%;60.0;188.8;
09/08/2023;Vista Oil & Gas;USD Linked;Fija;0,99%;60.0;70.0;AAA
04/08/2023;Toyota;ARS;Variable;2,74%;18.0;3000.0;AA+
03/08/2023;Pan American Enery;ARS;Variable;2,50%;12.0;3625.4;A1+
03/08/2023;Pan American Enery;USD Linked;Fija;1,00%;60.0;60.0;AAA
27/07/2023;Ledesma;ARS;Variable;4,00%;24.0;7000.0;AA-
26/07/2023;Plaza Logística;USD Linked;Fija;0,00%;36.0;20.0;AA-
25/07/2023;Tarjeta Naranja;ARS;Variable;5,00%;12.0;12072.1;A1
20/07/2023;Telecom;USD Linked;Fija;0,00%;24.0;180.4;AA+
19/07/2023;GEMSA – CTR;USD Mep;Fija;9,50%;30.0;9.2;A
19/07/2023;GEMSA – CTR;USD Linked;Fija;5,00%;24.0;15.3;A
18/07/2023;Crown Point Energia;USD Linked;Fija;5,00%;24.0;7.5;BBB+
18/07/2023;Newsan;ARS;Variable;4,00%;12.0;4992.0;A-1
18/07/2023;Newsan;ARS;Variable;6,00%;12.0;1774.4;A-1
18/07/2023;Red Surcos;USD Linked;Fija;1,00%;24.0;11.3;A-
13/07/2023;MSU;USD Mep;Fija;6,50%;36.0;25.0;A+
12/07/2023;AES;USD Mep;Fija;8,00%;24.0;30.5;AA-
12/07/2023;Genneia;USD Mep;Fija;5,50%;24.0;10.9;AA-
12/07/2023;Genneia;USD Linked;Fija;0,00%;36.0;20.9;AA-
12/07/2023;Genneia;USD Linked;Fija;2,00%;60.0;30.0;AA-
12/07/2023;Lipsa;USD Linked;Fija;1,00%;24.0;19.1;A
11/07/2023;Tecpetrol;ARS;Variable;3,00%;18.0;21137.9;AAA
06/07/2023;Oleaductos del Valle;USD Linked;Fija;0,00%;48.0;60.0;AAA
03/07/2023;AA 2000;USD Linked;Fija;0,00%;24.0;25.7;AA
03/07/2023;AA 2000;USD Linked;Fija;0,00%;37.0;2.7;AA
28/06/2023;Agrofina;USD Linked;Fija;3,00%;24.0;14.0;A-
23/06/2023;YPF;USD Mep;Fija;5,00%;31.0;138.0;AAA
22/06/2023;Pan American Energy;ARS;Variable;2,74%;20.0;23692.6;AAA
22/06/2023;San Miguel;USD Linked;Fija;5,00%;24.0;55.0;A-
21/06/2023;PYME Metalfor;USD Linked;Fija;2,00%;24.0;19.8;A
15/06/2023;Loma Negra;USD Mep;Fija;6,50%;30.0;71.7;AAA
14/06/2023;BST;ARS;Variable;5,70%;12.0;2107.0;A-2
08/06/2023;YPF;USD Mep;Fija;5,00%;32.0;125.0;AAA
07/06/2023;CGC;USD Linked;Fija;0,00%;36.0;52.4;AA-
07/06/2023;CGC;USD Mep;Fija;6,00%;30.0;12.9;AA-
07/06/2023;Oleaductos del Valle;USD Linked;Fija;0,00%;34.0;21.2;AAA
07/06/2023;Oleaductos del Valle;USD Linked;Fija;1,00%;60.0;43.3;AAA
05/06/2023;Generación Litoral;USD Linked;Fija;4,00%;58.0;18.6;A+
05/06/2023;Generación Litoral;USD Linked;Fija;6,50%;118.0;31.0;A+
02/06/2023;IRSA;USD Mep;Fija;5,00%;30.0;25.0;AA+
02/06/2023;Toyota;ARS;Variable;1,23%;22.0;2500.0;AA+
01/06/2023;Credicuotas;ARS;Variable;6,00%;12.0;2494.2;A2
01/06/2023;Credicuotas;ARS;Variable;7,00%;18.0;1530.5;A-
01/06/2023;Telecom;USD Linked;Fija;0,00%;36.0;87.4;AA+
01/06/2023;Vista Oil & Gas;USD Linked;Fija;0,00%;26.0;13.5;AAA
30/05/2023;Plaza Logística;ARS;Variable;3,00%;12.0;3674.3;AA-
23/05/2023;CNH Industrial Capital Argentina;USD Linked;Fija;0,00%;24.0;36.4;AA
23/05/2023;Vista Oil & Gas;USD Linked;Fija;0,00%;36.0;40.8;AAA
17/05/2023;Arcor;USD Mep;Fija;3,50%;30.0;77.0;AAA(Fix) / AA(Moodys)
16/05/2023;Newsan;ARS;Variable;5,75%;12.0;5135.8;A-1
11/05/2023;Petroquimica Comodoro Rivadavia;ARS;Variable;2,97%;12.0;2285.1;A1+
11/05/2023;Petroquimica Comodoro Rivadavia;USD Linked;Fija;0,50%;36.0;18.0;AA-
11/05/2023;Petroquimica Comodoro Rivadavia;USD Linked;Fija;0,00%;24.0;24.8;AA-
10/05/2023;Arcor;ARS;Variable;3,95%;24.0;13540.3;AAA
10/05/2023;Arcor;ARS;Variable;0,99%;12.0;8459.7;A1+
09/05/2023;CFN;ARS;Variable;6,00%;12.0;3454.1;A2
09/05/2023;EDESA;USD Linked;Fija;5,00%;24.0;30.0;A-
08/05/2023;Agrality;USD Linked;Fija;0,00%;24.0;10.0;A
28/04/2023;Pampa Energía;USD Mep;Fija;4,99%;30.0;55.7;AA+
28/04/2023;Pampa Energía;ARS;Variable;2,00%;12.0;5980.3;A1+
25/04/2023;Aluar;USD Linked;Fija;0,00%;60.0;100.0;AAA
25/04/2023;Celulosa;USD Linked;Fija;9,50%;27.0;10.3;BBB
24/04/2023;Inversora Juramento;ARS;Variable;4,00%;15.0;20.0;A2
21/04/2023;FyO;USD Linked;Fija;0,00%;24.0;20.0;AA-
20/04/2023;Raghsa;USD Mep;Fija;8,25%;84.0;56.8;Caa2
20/04/2023;YPF;USD Linked;Fija;1,00%;48.0;37.5;AAA / AA+
20/04/2023;YPF;USD Linked;Fija;0,00%;24.0;147.4;AAA / AA+
20/04/2023;YPF;ARS;Variable;3,00%;15.0;3272.6;AAA / AA+
14/04/2023;Oleaductos del Valle;USD Linked;Fija;0,00%;36.0;50.0;AAA
13/04/2023;Generación Mediterranea;USD Linked;Fija;5,50%;24.0;25.9;A-
13/04/2023;Generación Mediterranea;USD Mep;Fija;9,50%;27.0;19.4;A-
12/04/2023;Petrolera Aconcagua Energía;USD Linked;Fija;4,50%;48.0;9.9;A
12/04/2023;Petrolera Aconcagua Energía;USD Linked;Fija;3,00%;36.0;26.4;A
11/04/2023;Red Surcos;USD Linked;Fija;0,00%;36.0;12.0;A-/BVS2
30/03/2023;CT Barragán;USD Linked;Fija;0,00%;36.0;50.0;A+
29/03/2023;Cresud;USD Linked;Fija;0,00%;37.0;30.0;AA+
29/03/2023;Cresud;ARS;Variable;3,00%;18.0;4147.3;AA+
17/03/2023;Credicuotas Consumo;ARS;Variable;4,75%;12.0;3614.9;A2
13/03/2023;Morixe;ARS;Variable;4,00%;18.0;1500.0;A-
10/03/2023;Pan American Energy;ARS;Variable;0,00%;12.0;3629.8;AAA
10/03/2023;Pan American Energy;ARS;Variable;2,74%;24.0;16370.2;AAA
06/03/2023;360 Energy;USD Linked;Fija;0,00%;24.0;20.0;A
06/03/2023;360 Energy;USD Linked;Fija;5,00%;108.0;60.0;A
03/03/2023;Garantizada Generación Litoral;USD Linked;Fija;4,00%;60.0;6.3;A
03/03/2023;Garantizada Generación Litoral;USD Linked;Fija;6,50%;120.0;84.0;A
02/03/2023;Edenor;USD Mep;Fija;9,75%;20.0;30.0;BBB
02/03/2023;Pampa Energía;ARS;Variable;2,00%;16.0;7885.1;AA
02/03/2023;Pampa Energía;USD Linked;Fija;0,00%;69.0;48.2;AA
02/03/2023;San Miguel;USD Linked;Fija;3,50%;20.0;12.2;A/BVS2
01/03/2023;Banco de Servicios Financieros;ARS;Variable;4,50%;12.0;2162.5;A2
01/03/2023;Oiltanking;USD Linked;Fija;0,00%;36.0;50.0;AA
01/03/2023;Vista Oil & Gas;USD Linked;Fija;0,00%;48.0;16.5;AAA
01/03/2023;Vista Oil & Gas;USD Linked;Fija;1,00%;60.0;118.5;AAA
23/02/2023;Capex;USD Linked;Fija;0,00%;48.0;17.6;AA-
23/02/2023;Capex;USD Linked;Fija;0,00%;36.0;22.4;AA-
16/02/2023;Loma Negra;ARS;Variable;2,00%;18.0;25636.2;AAA
13/02/2023;PCR;ARS;Variable;3,00%;18.0;7440.0;AA-
09/02/2023;Albanesi Energia;UVA;Variable;3,80%;36.0;6225.9;A-
09/02/2023;Albanesi Energia;ARS;Variable;5,00%;12.0;388.6;A2
09/02/2023;Newsan;ARS;Variable;4,40%;12.0;5000.0;A-1
09/02/2023;Telecom;USD Linked;Fija;1,00%;60.0;62.4;AA+
08/02/2023;Genneia;USD Linked;Fija;4,50%;120.0;73.4;AA-
08/02/2023;YPF Luz;USD Linked;Fija;0,00%;24.0;20.0;AAA
08/02/2023;YPF Luz;USD Linked;Fija;0,00%;18.0;130.0;AAA
26/01/2023;IRSA;USD Mep;Fija;7,00%;30.0;28.3;AA
26/01/2023;IRSA;USD Mep;Fija;8,00%;25.0;61.7;AA
18/01/2023;Petrolera Aconcagua Energía;USD Linked;Fija;5,50%;36.0;15.0;A-
17/01/2023;CGC;USD Linked;Fija;1,00%;48.0;42.3;AA-
12/01/2023;Tecpetrol;ARS;Variable;2,00%;18.0;32897.9;AAA
10/01/2023;MSU;USD Mep;Fija;7,50%;24.0;15.1;A+
09/01/2023;Pampa Energía;ARS;Variable;2,00%;18.0;10378.7;AA
05/01/2023;YPF;ARS;Variable;3,00%;18.0;12488.6;AAA
05/01/2023;YPF;USD Linked;Fija;1,00%;36.0;230.0;AAA
19/12/2022;Richmond;ARS;Variable;5,00%;15.0;1005.0;A
16/12/2022;Cresud;USD Linked;Fija;0,00%;48.0;38.2;AA
15/12/2022;Lipsa;USD Linked;Fija;3,00%;24.0;5.8;A
15/12/2022;Pampa Energía;USD Linked;Fija;0,00%;60.0;49.8;AA
12/12/2022;CT Barragán;USD Linked;Fija;0,00%;30.0;58.6;A+
05/12/2022;Agrofina;USD Linked;Fija;3,00%;36.0;12.6;A-
05/12/2022;Petroquimica Comodoro Rivadavia;USD Linked;Fija;0,50%;48.0;60.0;AA-
02/12/2022;Vista Oil & Gas;USD Linked;Fija;0,00%;42.0;63.5;AAA
02/12/2022;Vista Oil & Gas;USD Mep;Fija;4,00%;37.0;13.5;AA+
02/12/2022;Vista Oil & Gas;USD Linked;Fija;0,00%;48.0;39.1;AAA
01/12/2022;Refi Pampa;USD Linked;Fija;3,00%;36.0;15.0;BBB+
24/11/2022;San Miguel;USD Linked;Fija;3,50%;24.0;37.8;A/BVS2
23/11/2022;Disal;USD Linked;Fija;0,00%;24.0;4.3;A
23/11/2022;Disal;USD Linked;Fija;5,50%;60.0;4.3;A
10/11/2022;MSU;USD Linked;Fija;4,90%;120.0;60.8;A+
10/11/2022;MSU;USD Linked;Fija;0,00%;48.0;30.0;A+
09/11/2022;Genneia;USD Linked;Fija;0,00%;25.0;29.9;AA-
09/11/2022;Genneia;USD Linked;Fija;0,00%;48.0;20.9;AA-
08/11/2022;Vista Oil & Gas;USD Mep;Fija;6,25%;36.0;40.5;AA+
03/11/2022;GEMSA – CTR;UVA;Variable;3,75%;36.0;1923.2;A-
03/11/2022;GEMSA – CTR;USD Mep;Fija;9,50%;24.0;11.5;A-
03/11/2022;GEMSA – CTR;USD Linked;Fija;1,00%;24.0;21.1;A-
02/11/2022;Arcor;USD Mep;Fija;8,25%;59.0;256.4;AAA
02/11/2022;Tarjeta Naranja;ARS;Variable;4,50%;12.0;8437.3;A1
28/10/2022;MSU Energy;USD Mep;Fija;9,00%;24.0;45.5;A+
25/10/2022;CNH Industrial Capital Argentina;USD Linked;Fija;0,00%;36.0;22.7;AA
21/10/2022;Edenor;USD Mep;Fija;9,75%;31.0;2.5;A- (Fix) / BBB Moodys
20/10/2022;Credicuotas;ARS;Variable;3,00%;12.0;2390.2;A2
14/10/2022;Credito Directo;ARS;Variable;5,00%;12.0;800.0;A3
05/10/2022;Petrolera Aconcagua Energía;USD Linked;Fija;0,00%;36.0;12.0;A-
29/09/2022;CMF;ARS;Variable;1,50%;12.0;15.0;A1
27/09/2022;Red Surcos;USD Linked;Fija;1,40%;48.0;15.0;A-/BVS2
26/09/2022;Hijos de Salvador Muñoz;USD Linked;Fija;0,00%;24.0;10.0;A-
26/09/2022;Luz tres picos;USD Linked;Fija;0,00%;48.0;80.0;AA-/BV1
20/09/2022;Edenor;USD Mep;Fija;9,75%;25.0;30.0;A-/BBBB
19/09/2022;Banco de Servicios Financieros;ARS;Variable;2,96%;12.0;1800.0;A2
08/09/2022;MSU;USD Mep;Fija;7,50%;24.0;24.5;A
07/09/2022;Galicia;ARS;Variable;0,00%;6.0;5829.4;A1+
05/09/2022;Aluar;USD Linked;Fija;0,00%;36.0;58.5;AA+
05/09/2022;CGC;USD Linked;Fija;0,00%;48.0;80.0;AA-
05/09/2022;Inversora Juramento;ARS;Variable;2,50%;18.0;3000.0;A-
25/08/2022;YPF Luz;USD Linked;Fija;0,00%;48.0;85.0;AA+
25/08/2022;YPF Luz;USD Linked;Fija;0,00%;24.0;15.0;AA+
19/08/2022;Lipsa;USD Linked;Fija;1,00%;24.0;4.6;A-
19/08/2022;Lipsa;USD Linked;Fija;2,99%;36.0;10.3;A-
18/08/2022;Albanesi Energia;ARS;Variable;2,35%;12.0;1191.5;A2
18/08/2022;Albanesi Energia;USD Linked;Fija;2,75%;24.0;16.9;A-
18/08/2022;Cresud;ARS;Variable;1,00%;18.0;5122.5;AA
18/08/2022;Grupo ST;ARS;Variable;4,00%;12.0;1200.0;SC
17/08/2022;CT Barragán;ARS;Variable;1,00%;24.0;4325.6;A+
17/08/2022;Rombo;ARS;Variable;2,40%;24.0;682.2;AA
17/08/2022;Rombo;ARS;Variable;4,74%;36.0;817.8;AA
17/08/2022;VCP;ARS;Variable;1,89%;12.0;1000.0;A1
16/08/2022;AA 2000;USD Linked;Fija;0,00%;48.0;30.0;AA
16/08/2022;GPAT;ARS;Variable;0,00%;12.0;1000.0;A-1
12/08/2022;Telecom;USD Linked;Fija;1,00%;55.0;75.0;AA+
09/08/2022;Newsan;ARS;Variable;2,00%;12.0;2070.0;A-1
08/08/2022;Crown Point Energia;USD Linked;Fija;4,00%;36.0;14.7;BBB+
05/08/2022;Celulosa;USD Linked;Fija;9,50%;36.0;9.3;BB
05/08/2022;Tarjeta Naranja;ARS;Variable;0,00%;10.0;6968.5;A1
05/08/2022;Tarjeta Naranja;ARS;Variable;3,00%;18.0;10141.2;AA-
03/08/2022;Pampa Energía;ARS;Variable;0,00%;18.0;8963.9;AA
02/08/2022;Credito Directo;ARS;Variable;3,50%;12.0;396.5;A3
02/08/2022;Pan American Energy;ARS;Variable;0,00%;6.0;4981.2;A1+
02/08/2022;Pan American Energy;ARS;Variable;2,00%;24.0;5018.8;AAA
01/08/2022;Pampa Energía;USD Mep;Fija;9,50%;54.0;292.8;AA
27/07/2022;INVAP;ARS;Variable;0,00%;24.0;642.9;A-
27/07/2022;INVAP;ARS;Variable;2,00%;36.0;569.4;A-
26/07/2022;Credicuotas Consumo;ARS;Variable;2,50%;18.0;300.0;A-
26/07/2022;Credicuotas Consumo;ARS;Variable;2,00%;12.0;2470.0;A2
22/07/2022;Plaza Logística;resultado pendiente;;;;;
21/07/2022;FyO;USD Linked;Fija;0,00%;36.0;15.0;AA-
20/07/2022;MSU;USD Mep;Fija;8,00%;24.0;15.1;A
18/07/2022;Pan American Energy (Canje);USD Mep;Fija;7,25%;36.0;105.2;BB-
14/07/2022;Petroquimica Comodoro Rivadavia;ARS;Variable;0,00%;18.0;4295.1;AA-
14/07/2022;Petroquimica Comodoro Rivadavia;ARS;Variable;0,00%;12.0;1704.9;A1+
13/07/2022;Generación Mediterranea;USD Linked;Fija;3,50%;36.0;27.7;A-
13/07/2022;Generación Mediterranea;USD Mep;Fija;9,50%;24.0;5.9;A-
13/07/2022;Generación Mediterranea;UVA;Variable;0,00%;36.0;2102.8;A-
12/07/2022;Pampa Energía;ARS;Variable;0,00%;18.0;12690.7;AA
06/07/2022;AA 2000;USD Linked;Fija;0,00%;36.0;20.0;AA
06/07/2022;Cresud;USD Mep;Fija;8,00%;43.0;70.6;AA
06/07/2022;IRSA;USD Mep;Fija;8,75%;71.0;171.2;AA
05/07/2022;Ledesma;ARS;Variable;1,80%;10.0;1440.3;A1
05/07/2022;Ledesma;ARS;Variable;3,00%;18.0;2559.7;A+
01/07/2022;Tarjeta Naranja;ARS;Variable;2,85%;12.0;63220.1;A1
01/07/2022;Tarjeta Naranja;ARS;Variable;4,99%;24.0;4779.9;AA-
27/06/2022;Citrusvil (PYME Garantizada);USD Linked;Fija;0,00%;29.0;6.4;SC
24/06/2022;360 Enery Solar;USD Linked;Fija;1,25%;42.0;20.0;A+
23/06/2022;Inversora Juramente;ARS;Variable;4,40%;12.0;2500.0;A2
23/06/2022;SPI Energy;USD Linked;Fija;4,00%;48.0;33.5;A-
23/06/2022;SPI Energy;USD Linked;Fija;6,74%;120.0;101.5;A-
14/06/2022;Vista Oil & Gas;USD Mep;Fija;6,00%;26.0;43.5;AA+
10/06/2022;Cresud;USD Mep;Fija;5,50%;33.0;24.4;AA
09/06/2022;Newsan;ARS;Variable;5,50%;12.0;2098.0;A-1
03/06/2022;CGC;USD Linked;Fija;0,00%;36.0;63.1;AA-
03/06/2022;CGC;USD Linked;Fija;3,50%;84.0;78.8;AA-
03/06/2022;Red Surcos;USD Linked;Fija;2,73%;24.0;20.0;A-
19/05/2022;Rombo;ARS;Variable;3,59%;24.0;2000.0;A+
17/05/2022;Generación Mediterranea;USD Linked;Fija;6,50%;120.0;85.7;A
17/05/2022;Generación Mediterranea;UVA;Variable;0,00%;60.0;15.0;A
17/05/2022;Generación Mediterranea;USD Linked;Fija;3,50%;60.0;24.3;A
17/05/2022;MSU;USD Mep;Fija;7,50%;12.0;15.2;A
12/05/2022;CT Barragán;ARS;Variable;2,98%;6.0;1753.8;A+
12/05/2022;CT Barragán;USD Linked;Fija;0,00%;36.0;25.0;A+
11/05/2022;Pan American Energy;ARS;Variable;0,50%;3.0;5325.8;A1+
11/05/2022;Pan American Energy;ARS;Variable;1,50%;6.0;2657.7;A1+
09/05/2022;Edenor;USD Mep;Fija;9,75%;36.0;52.7;A-/CCC+/CAA3
04/05/2022;Refi Pampa;UVA;Variable;0,00%;36.0;1000.0;BBB+
03/05/2022;Luz tres picos;USD Linked;Fija;5,00%;120.0;62.5;AA-
03/05/2022;Luz tres picos;USD Linked;Fija;0,00%;36.0;15.0;AA-
02/05/2022;Banco Hipotecario;USD Mep;Fija;0,00%;24.0;15.9;AA-
27/04/2022;Macro;USD Mep;Fija;1,45%;24.0;17.0;AAA
07/04/2022;Morixe;ARS;Variable;1,94%;12.0;500.0;A1
01/04/2022;Credicuotas Consumo;ARS;Variable;4,75%;18.0;2000.0;A-
01/04/2022;Tarjeta Naranja;ARS;Variable;3,75%;12.0;4532.6;A1
01/04/2022;Tarjeta Naranja;ARS;Variable;5,25%;24.0;4192.6;AA-
30/03/2022;Banco Columbia;ARS;Variable;9,00%;84.0;1000.0;BBB+
18/03/2022;Tarjeta Naranja;USD Mep;Fija;5,00%;25.0;7.5;AA-
14/03/2022;CFA Comapañia Financiera Argentina;UVA;Variable;4,05%;84.0;607.5;BBB-
14/03/2022;CFA Comapañia Financiera Argentina;ARS;Variable;8,00%;84.0;192.5;BBB-
14/03/2022;Pyme Tecnomyl;USD Linked;Fija;4,95%;24.0;11.4;BBB+
11/03/2022;John Deere;USD Mep;Fija;3,00%;23.0;10.0;AA
10/03/2022;Credito Directo;ARS;Variable;4,50%;12.0;83.6;A3
10/03/2022;Credito Directo;ARS;Variable;6,40%;24.0;216.4;BBB-
10/03/2022;Itaú;ARS;Variable;2,00%;12.0;2808.0;A1+
07/03/2022;Telecom;ARS;Variable;1,50%;18.0;2347.5;AA+
07/03/2022;Telecom;USD Linked;Fija;1,00%;60.0;22.7;AA+
23/02/2022;CGC;USD Mep;Fija;3,25%;24.0;11.3;AA-
23/02/2022;CGC;USD Linked;Fija;1,38%;30.0;54.0;AA-
23/02/2022;Creaurban;ARS;Variable;4,45%;12.0;1417.0;A2
22/02/2022;Newsan;ARS;Variable;4,65%;12.0;2517.6;A-1
17/02/2022;AA 2000;USD Linked;Fija;5,50%;120.0;138.0;AA-
17/02/2022;AA 2000;USD Linked;Fija;2,00%;36.0;36.0;AA-
16/02/2022;Cresud;USD Linked;Fija;2,00%;36.0;40.6;AA
15/02/2022;Galicia;ARS;Variable;1,49%;6.0;4487.2;A1+
11/02/2022;Grupo ST;ARS;Variable;5,00%;12.0;300.0;SC
07/02/2022;BACS;ARS;Variable;4,00%;12.0;1500.0;A1
03/02/2022;Pan American Energy;USD Linked;Fija;1,25%;60.0;25.1;AAA
03/02/2022;Pan American Energy;USD Linked;Fija;4,25%;120.0;80.0;AAA
01/02/2022;YPF Luz;USD Linked;Fija;3,50%;30.0;10.9;AA
01/02/2022;YPF Luz;USD Linked;Fija;5,00%;120.0;63.9;BV2
27/01/2022;Tarjeta Naranja;ARS;Variable;3,99%;12.0;2715.1;A1
27/01/2022;Tarjeta Naranja;ARS;Variable;6,00%;24.0;3284.9;AA-
24/01/2022;Lipsa;USD Linked;Fija;4,50%;18.0;15.6;A-
13/01/2022;Pampa Energía;ARS;Variable;2,00%;18.0;3107.3;BV1 / AA
13/01/2022;San Miguel;USD Linked;Fija;3,00%;24.0;50.0;A
05/01/2022;Generación Mediterranea;USD Mep;Fija;7,50%;24.0;14.4;A-
22/12/2021;Rizobacter;USD Linked;Fija;1,49%;36.0;20.0;A
21/12/2021;Genneia;USD Linked;Fija;0,00%;36.0;17.3;A+
21/12/2021;Genneia;USD Linked;Fija;5,65%;120.0;50.0;A+
20/12/2021;CFN;ARS;Variable;6,50%;12.0;745.4;A2
20/12/2021;CFN;ARS;Variable;8,00%;24.0;705.0;A-
17/12/2021;Credito Directo;ARS;Variable;7,50%;24.0;150.5;BBB-
17/12/2021;Credito Directo;ARS;Variable;5,97%;12.0;100.7;A3
17/12/2021;MSU;USD Mep;Fija;7,35%;24.0;30.3;A
16/12/2021;Newsan;ARS;Variable;5,50%;12.0;1899.9;A-1
14/12/2021;Petroquimica Comodoro Rivadavia;USD Linked;Fija;0,99%;36.0;50.0;AA-
10/12/2021;Albanesi Energia;USD Linked;Fija;4,90%;33.0;24.1;A
07/12/2021;Telecom;UVA;Variable;0,00%;41.0;12000.0;AA+
07/12/2021;Telecom;ARS;Variable;3,25%;18.0;2000.0;AA+
02/12/2021;Pan American Energy;ARS;Variable;2,70%;12.0;2642.8;A1+
02/12/2021;Pan American Energy;ARS;Variable;3,94%;24.0;1839.2;AAA
01/12/2021;Pyme Petrolera Aconcagua;USD Linked;Fija;6,00%;36.0;5.9;BBB
26/11/2021;Generación Mediterranea;USD Mep;Fija;9,62%;72.0;325.4;SC
24/11/2021;CT Barragán;USD Linked;Fija;0,00%;36.0;96.0;SC
12/11/2021;Toyota;ARS;Variable;3,40%;21.0;1200.0;AA+
11/11/2021;Generación Mediterranea;USD Linked;Fija;6,00%;36.0;16.8;SC
11/11/2021;Generación Mediterranea;USD Linked;Fija;6,00%;36.0;21.8;SC
11/11/2021;Generación Mediterranea;UVA;Variable;4,60%;36.0;3411.3;SC
11/11/2021;Generación Mediterranea;UVA;Variable;4,60%;36.0;1052.4;SC
08/11/2021;Fhurman;USD Linked;Fija;3,00%;24.0;2.5;A-
08/11/2021;Tarjeta Naranja;ARS;Variable;5,00%;12.0;4050.0;A1
08/11/2021;Tarjeta Naranja;ARS;Variable;7,24%;21.0;426.3;AA-
02/11/2021;Hijos de Salvador Muñoz;USD Linked;Fija;3,00%;24.0;6.3;A-
01/11/2021;Disal;USD Linked;Fija;5,00%;53.0;3.0;A-
01/11/2021;Disal;UVA;Variable;3,27%;28.0;300.0;A-
22/10/2021;Techo;ARS;Variable;0,00%;48.0;18.0;BS2
20/10/2021;Credito Directo;ARS;Variable;5,99%;12.0;308.2;A3
20/10/2021;FyO;USD Linked;Fija;0,00%;24.0;12.3;AA-
15/10/2021;Arcor;ARS;Variable;2,97%;18.0;1500.0;AAA/AA
15/10/2021;Arcor;UVA;Variable;0,98%;48.0;2500.0;AAA/AA
06/10/2021;Red Surcos;USD Linked;Fija;4,48%;24.0;10.0;A-
05/10/2021;Banco Hipotecario;USD Linked;Fija;0,00%;18.0;10.0;A+
05/10/2021;Grupo Cohen;USD Linked;Fija;4,00%;12.0;1.5;SC
04/10/2021;John Deere;USD Mep;Fija;5,50%;24.0;13.1;AA
15/09/2021;CGC;USD Linked;Fija;6,05%;120.0;100.0;AA-
15/09/2021;CGC;USD Linked;Fija;3,00%;36.0;20.0;AA-
09/09/2021;Creaurban;UVA;Variable;5,30%;36.0;402.9;BBB+
09/09/2021;Creaurban;ARS;Variable;6,00%;12.0;981.4;A2
06/09/2021;Cresud;USD Linked;Fija;3,50%;36.0;41.9;AA
03/09/2021;Aeropuertos 2000;USD Linked;Fija;4,00%;24.0;30.5;A
02/09/2021;San Miguel;USD Linked;Fija;4,00%;18.0;50.0;A
01/09/2021;CFA Comapañia Financiera Argentina;ARS;Fija;43,00%;9.0;472.0;A2
01/09/2021;CFA Comapañia Financiera Argentina;ARS;Variable;7,50%;24.0;210.0;BBB+
01/09/2021;Molinos Agro;USD Linked;Fija;2,49%;36.0;36.5;AA
01/09/2021;Molinos Agro;USD Linked;Fija;1,00%;24.0;33.5;AA
31/08/2021;Rizobacter;USD Linked;Fija;5,25%;36.0;3.4;A-
31/08/2021;Rizobacter;USD Linked;Fija;3,75%;18.0;12.7;A-
30/08/2021;Genneia;USD Mep;Fija;8,75%;72.0;366.1;SC
25/08/2021;Vista Oil & Gas;USD Linked;Fija;5,85%;120.0;100.8;AA-
25/08/2021;Vista Oil & Gas;USD Linked;Fija;3,48%;48.0;9.2;AA-
25/08/2021;YPF;USD Linked;Fija;3,50%;36.0;27.7;AA-
25/08/2021;YPF;USD Linked;Fija;0,00%;12.0;36.9;A1+
24/08/2021;Newsan;ARS;Variable;5,50%;12.0;1955.2;A1
23/08/2021;IRSA;USD Linked;Fija;3,90%;36.0;58.1;AA
20/08/2021;MSU;USD Linked;Fija;4,00%;23.0;15.0;A-
19/08/2021;Angel Estrada;ARS;Variable;6,25%;12.0;269.2;A2
19/08/2021;Grupo ST;ARS;Variable;6,00%;12.0;1300.0;SC
17/08/2021;Galicia;ARS;Fija;41,00%;9.0;1349.7;A1+
17/08/2021;Galicia;ARS;Variable;3,00%;12.0;1626.0;A1+
12/08/2021;CLISA;USD Mep;Fija;10,50%;71.0;325.3;SC
12/08/2021;CLISA;USD Mep;Fija;4,50%;17.0;;SC
12/08/2021;CLISA;USD Mep;Fija;7,50%;35.0;;SC
12/08/2021;CT Barragán;UVA;Variable;4,00%;22.0;2365.6;A+
12/08/2021;CT Barragán;USD Linked;Fija;4,00%;22.0;15.6;A+
12/08/2021;Itaú;ARS;Variable;3,50%;18.0;1351.5;AAA
12/08/2021;Itaú;UVA;Variable;2,78%;48.0;1000.0;AAA
11/08/2021;Tarjeta Naranja;ARS;Variable;7,24%;24.0;1426.5;AA-
11/08/2021;Tarjeta Naranja;ARS;Variable;5,50%;12.0;2712.0;A1
06/08/2021;Geneia;USD Linked;Fija;3,50%;24.0;49.0;A+
06/08/2021;Geneia;USD Mep;Fija;6,00%;36.0;15.6;A+
04/08/2021;Celulosa;USD Linked;Fija;9,50%;24.0;6.0;BB
04/08/2021;MSU;UVA;Variable;5,49%;24.0;1750.1;A
04/08/2021;MSU;USD Linked;Fija;5,49%;18.0;12.6;A
29/07/2021;Rombo;ARS;Variable;6,48%;24.0;1000.0;AA
27/07/2021;Petroagro;USD Linked;Fija;6,25%;27.0;5.2;BBB
23/07/2021;Ledesma;ARS;Variable;4,74%;10.0;3000.0;A1
19/07/2021;YPF;USD Linked;Fija;5,75%;120.0;384.2;AA-
14/07/2021;Banco Voii;ARS;Variable;6,99%;12.0;350.0;A2
14/07/2021;Generación Mediterranea;USD Linked;Fija;7,75%;96.0;98.8;A-
14/07/2021;Generación Mediterranea;UVA;Variable;6,50%;60.0;2997.1;A-
12/07/2021;Asociados Don Mario;USD Mep;Fija;6,15%;17.0;7.8;A+
07/07/2021;Pan American Energy;USD Linked;Fija;3,69%;60.0;19.2;AAA
07/07/2021;Pan American Energy;USD Linked;Fija;5,00%;120.0;260.1;AAA
06/07/2021;Cresud;USD Mep;Fija;6,99%;36.0;18.8;
01/07/2021;Agrofina;USD Mep;Fija;14,50%;24.0;11.0;
28/06/2021;Mastellone Hermanos;USD Mep;Fija;10,95%;60.0;110.9;
25/06/2021;Cresud;USD Mep;Fija;6,99%;36.0;35.7;
24/06/2021;Newsan;ARS;Variable;5,75%;12.0;1157.0;
23/06/2021;Mastellone Hermanos;UVA;Variable;4,39%;36.0;3162.8;
23/06/2021;Mastellone Hermanos;USD Linked;Fija;5,50%;30.0;11.9;
22/06/2021;John Deere;USD Mep;Fija;8,00%;36.0;40.0;
18/06/2021;Red Surcos;ARS;Variable;6,00%;12.0;322.2;
18/06/2021;Red Surcos;USD Linked;Fija;6,50%;18.0;7.6;
15/06/2021;Vista Oil & Gas;USD Linked;Fija;4,00%;24.0;38.8;
15/06/2021;Vista Oil & Gas;UVA;Variable;4,00%;45.0;3104.1;
11/06/2021;FCA Compañía Financiera;UVA;Variable;2,80%;30.0;1000.0;
10/06/2021;Plaza Logística;UVA;Variable;4,49%;24.0;23.4;
10/06/2021;Profertil;USD Linked;Fija;2,49%;24.0;25.0;
04/06/2021;CGC;USD Linked;Fija;5,00%;24.0;36.0;
04/06/2021;CGC;USD Mep;Fija;7,00%;24.0;14.0;
03/06/2021;Morixe;ARS;Variable;0,00%;15.0;400.0;
03/06/2021;Telecom;USD Linked;Fija;2,75%;36.0;91.8;
01/06/2021;CT Barragán;USD Linked;Fija;4,00%;24.0;27.3;
01/06/2021;CT Barragán;UVA;Variable;4,00%;36.0;2928.0;
27/05/2021;PCR;ARS;Variable;4,50%;12.0;579.4;
27/05/2021;PCR (adicionales);USD Linked;Fija;4,75%;34.0;19.3;
21/05/2021;BACS;ARS;Variable;4,75%;12.0;1250.0;
20/05/2021;INVAP;USD Linked;Fija;5,00%;60.0;3.2;
20/05/2021;INVAP;USD Linked;Fija;4,25%;36.0;4.1;
20/05/2021;INVAP;ARS;Variable;5,00%;24.0;269.0;
17/05/2021;YPF Luz;USD Linked;Fija;0,00%;15.0;16.9;
17/05/2021;YPF Luz;ARS;Variable;4,50%;12.0;1755.0;
14/05/2021;Molinos Agro;USD Linked;;;36.0;25.4;
14/05/2021;Molinos Agro;USD Linked;;;24.0;28.5;
10/05/2021;Inversora Juramento;ARS;Variable;4,65%;12.0;1500.0;
10/05/2021;Savant Pham;UVA;Variable;5,00%;30.0;261.5;
10/05/2021;Savant Pham;ARS;Variable;6,50%;18.0;150.0;
07/05/2021;Albanesi Energia;UVA;Variable;5,99%;30.0;3193.6;
07/05/2021;Albanesi Energia;USD Linked;Fija;6,00%;30.0;5.9;
30/04/2021;Pan American Energy;USD Mep;Fija;9,12%;48.0;300.0;
26/04/2021;Tarjeta Naranja;ARS;Variable;5,00%;12.0;5001.0;
09/04/2021;Generación Mediterranea;USD Mep;Fija;12,50%;36.0;4.3;
08/04/2021;Pan American Energy;ARS;Variable;3,49%;12.0;2500.0;
08/04/2021;Pan American Energy;UVA;Variable;3,49%;48.0;2029.0;
06/04/2021;Tarjeta Naranja;USD Mep;Fija;7,00%;24.0;8.5;
31/03/2021;Crown Point Energia;ARS;Variable;6,75%;36.0;190.0;
31/03/2021;Crown Point Energia;USD Linked;Fija;8,00%;36.0;3.4;
31/03/2021;IRSA;ARS;Variable;5,00%;12.0;701.5;
31/03/2021;IRSA;UVA;Variable;4,00%;36.0;3868.0;
31/03/2021;IRSA;USD Linked;Fija;5,00%;36.0;15.8;
29/03/2021;Creaurban;ARS;Variable;5,00%;12.0;1922.0;
26/03/2021;Vista Oil & Gas;UVA;Variable;3,00%;42.0;2407.0;
15/03/2021;PCR;ARS;Variable;4,00%;12.0;1061.0;
15/03/2021;PCR;USD Linked;Fija;4,75%;36.0;13.4;
11/03/2021;Generación Mediterranea;USD Linked;Fija;6,00%;24.0;7.7;
11/03/2021;Generación Mediterranea;UVA;Variable;4,60%;24.0;41.9;
08/03/2021;Vista Oil & Gas;USD Linked;Fija;4,25%;36.0;42.3;
08/03/2021;Vista Oil & Gas;UVA;Variable;2,73%;42.0;647.3;
05/03/2021;Santander;ARS;Variable;41,00%;12.0;5000.0;
25/02/2021;Red Surcos;USD Linked;Fija;7,48%;21.0;3.0;
19/02/2021;Plaza Logística;UVA;Variable;2,48%;42.0;1799.0;
04/02/2021;Newsan;ARS;Variable;5,50%;12.0;1244.0;
03/12/2020;Vista Oil & Gas;USD Linked;Fija;0,00%;32.0;10.0;
03/12/2020;Vista Oil & Gas;USD Linked;Fija;3,24%;48.0;10.0;
10/11/2020;Richmond;USD Linked;Fija;5,00%;12.0;7.5;
23/10/2020;PCR;USD Linked;Fija;4,00%;36.0;36.3;
23/10/2020;YPF Luz;USD Linked;Fija;0,00%;24.0;30.0;
23/10/2020;YPF Luz;USD Linked;Fija;1,00%;36.0;20.0;
16/10/2020;GPAT;ARS;Variable;38,50%;12.0;500.0;
29/09/2020;Volkswagen;ARS;Variable;;30.0;1379.0;
29/09/2020;Volkswagen;ARS;Variable;0,36%;12.0;650.0;
24/09/2020;Grupo Cohen;USD Linked;Fija;6,00%;12.0;2.0;
24/09/2020;Grupo Cohen;ARS;Variable;6,00%;12.0;27.0;
15/09/2020;Ángel Estrada y Compañía S.A.;ARS;Variable;3,90%;12.0;429.0;
11/09/2020;Grupo ST;ARS;Variable;35,00%;6.0;60.0;
11/09/2020;Grupo ST;ARS;Variable;4,00%;18.0;140.0;
07/09/2020;Itaú;ARS;Variable;0,95%;24.0;1537.0;
04/09/2020;Don Mario;USD Linked;Fija;2,50%;48.0;7.8;
03/09/2020;Liag;USD Linked;Fija;2,98%;37.0;2.2;
02/09/2020;Newsan;ARS;Variable;4,75%;12.0;1637.0;
01/09/2020;Pan American Energy;USD Linked;Fija;3,00%;48.0;52.8;
01/09/2020;Pan American Energy;USD Linked;Fija;0,00%;36.0;7.2;
01/09/2020;Pan American Energy;ARS;Variable;2,75%;24.0;3349.0;
31/08/2020;CP Manque y CP Los Olivos;USD Linked;Fija;0,00%;36.0;35.2;
31/08/2020;CP Manque y CP Los Olivos;ARS;Variable;0,24%;12.0;1109.0;
28/08/2020;CNH Industrial Capital Argentina;ARS;Variable;36,00%;12.0;700.8;
28/08/2020;CNH Industrial Capital Argentina;USD Linked;Fija;0,00%;36.0;30.5;
27/08/2020;Cresud;USD Linked;Fija;2,00%;36.0;25.0;
26/08/2020;Genneia;USD Linked;Fija;0,00%;24.0;13.2;
26/08/2020;Genneia;USD Linked;Fija;2,00%;36.0;12.8;
14/08/2020;Aeropuertos 2000;USD Linked;Fija;0,00%;24.0;40.0;
13/08/2020;Red Surcos;USD Linked;Fija;4,00%;18.0;15.0;
12/08/2020;Rizobacter;USD Linked;Fija;0,00%;36.0;17.0;
07/08/2020;BACS;ARS;Variable;2,99%;30.0;852.9;
06/08/2020;TGN;ARS;Variable;1,00%;18.0;1500.0;
05/08/2020;Vista Oil & Gas;ARS;Variable;1,37%;18.0;725.6;
05/08/2020;Vista Oil & Gas;USD Linked;Fija;0,00%;36.0;20.0;
29/07/2020;MSU;USD Linked;Fija;0,00%;24.0;15.0;
28/07/2020;Aluar;USD Linked;Fija;0,00%;36.0;60.0;
24/07/2020;Inversora Juramento;ARS;Variable;3,84%;12.0;600.0;
24/07/2020;Pampa Energía;ARS;Variable;2,50%;13.0;6355.0;
21/07/2020;Creaurban;ARS;Variable;4,50%;9.0;1200.0;
16/07/2020;IRSA;USD Linked;Fija;4,00%;18.0;33.7;
16/07/2020;IRSA;ARS;Variable;4,00%;12.0;335.0;
16/07/2020;Newsan;ARS;Variable;5,00%;6.0;1083.0;
15/07/2020;Ledesma;ARS;Variable;3,00%;12.0;1055.0;
15/07/2020;Ledesma;ARS;Variable;33,24%;6.0;444.6;
14/07/2020;PAE;USD Linked;Fija;0,00%;24.0;20.3;
14/07/2020;PAE;USD Linked;Fija;1,00%;36.0;57.5;
14/07/2020;PAE;ARS;Variable;1,50%;12.0;3000.0;
07/07/2020;Plaza Logística;UVA;Variable;4,49%;24.0;2150.0;
26/06/2020;San Miguel;USD Linked;Fija;1,48%;18.0;40.0;
25/06/2020;Supervielle;USD Linked;Fija;2,00%;12.0;30.0;
22/06/2020;John Deere;USD Linked;Fija;0,00%;24.0;20.0;
19/06/2020;YPF Luz;USD Linked;Fija;1,49%;18.0;50.0;
18/06/2020;PCR;USD Linked;Fija;3,25%;18.0;48.5;
17/06/2020;Generación Mediterranea;USD Linked;Fija;6,50%;12.0;9.8;
17/06/2020;Generación Mediterranea;ARS;Variable;8,00%;6.0;151.0;
12/06/2020;Rizobacter;USD Linked;Fija;4,71%;17.0;15.0;
10/06/2020;YPF;ARS;Variable;0,00%;6.0;1577.0;
10/06/2020;YPF;USD Linked;Fija;1,50%;24.0;78.3;
08/06/2020;Itaú;ARS;Variable;3,80%;24.0;1315.0;
08/06/2020;Itaú;ARS;Variable;1,95%;12.0;1283.0;
03/06/2020;Cresud;USD Linked;Fija;3,50%;18.0;83.0;
01/06/2020;BACS;ARS;Variable;3,97%;6.0;500.0;
21/05/2020;CGC;USD Linked;Fija;5,00%;15.0;19.8;
21/05/2020;Geneia;USD Linked;Fija;5,00%;12.0;21.4;
21/05/2020;Geneia;ARS;Variable;5,00%;6.0;425.0;
20/05/2020;YPF;ARS;Variable;0,00%;7.0;476.0;
20/05/2020;YPF;USD Linked;Fija;0,00%;18.0;93.0;
19/05/2020;IRSA;USD Linked;Fija;9,00%;24.0;9.2;
19/05/2020;IRSA;USD Linked;Fija;7,00%;12.0;51.3;
19/05/2020;IRSA;ARS;Variable;6,00%;9.0;354.0;
15/05/2020;PAE;ARS;Variable;4,74%;6.0;3000.0;
15/05/2020;PAE;USD Linked;Fija;0,00%;18.0;25.0;
11/05/2020;Raghsa;USD Mep;Fija;8,50%;84.0;58.3;
07/05/2020;MSU;USD Mep;Fija;0,00%;45.0;250.3;
28/04/2020;Pampa Energía;ARS;Variable;3,00%;3.0;1238.0;
28/04/2020;Pampa Energía;ARS;Variable;5,00%;6.0;565.0;
16/04/2020;YPF;ARS;Variable;3,00%;3.0;993.0;
16/04/2020;YPF;ARS;Variable;0,00%;8.0;496.0;
12/03/2020;Ángel Estrada y Compañía S.A.;ARS;Variable;8,00%;12.0;282.4;
12/03/2020;Ángel Estrada y Compañía S.A.;USD Linked;Fija;9,00%;12.0;0.6;
05/03/2020;ON Compañía General de Combustibles S.A.;ARS;Variable;5,00%;12.0;314.6;
05/03/2020;ON Compañía General de Combustibles S.A.;USD Linked;Fija;9,00%;15.0;14.3;
05/03/2020;ON Compañía General de Combustibles S.A.;USD Mep;Fija;9,00%;15.0;15.3;
05/03/2020;ON MSU S.A.;USD Mep;Fija;9,00%;15.0;11.2;
05/03/2020;ON MSU S.A.;USD Linked;Fija;9,00%;15.0;2.7;
03/03/2020;ARCOR;ARS;Variable;4,25%;6.0;1065.0;
03/03/2020;ARCOR;ARS;Variable;5,75%;18.0;1535.0;
02/03/2020;YPF;USD Linked;Fija;0,00%;;45.9;
02/03/2020;YPF;USD Mep;Fija;5,00%;12.0;8.9;
02/03/2020;YPF;USD Mep;Fija;6,00%;20.0;3.9;
27/02/2020;John Deere;USD Mep;Fija;9,75%;20.0;21.4;
27/02/2020;John Deere;USD Mep;Fija;9,00%;18.0;4.1;
27/02/2020;Toyota;ARS;Variable;4,45%;12.0;750.0;
21/02/2020;PAE;ARS;Variable;4,50%;12.0;4000.0;
19/02/2020;Vista Oil & Gas;USD Mep;Fija;3,50%;48.0;50.0;
18/02/2020;Tecpetrol;USD Mep;Fija;4,00%;12.0;10.8;
18/02/2020;Tecpetrol;ARS;Variable;4,50%;12.0;2414.0;
17/02/2020;AES;USD Mep;Fija;8,00%;9.0;22.2;
17/02/2020;AES;USD Linked;Fija;9,00%;9.0;18.6;
17/02/2020;AES;ARS;Variable;6,50%;9.0;468.9;
17/02/2020;PCR;ARS;Variable;6,50%;12.0;500.8;
17/02/2020;PCR;USD Linked;Fija;9,00%;12.0;11.2;
17/02/2020;PCR;USD Mep;Fija;9,00%;12.0;37.0;
17/02/2020;San Miguel;USD Linked;Fija;9,00%;10.0;11.1;
17/02/2020;San Miguel;USD Mep;Fija;8,50%;10.0;17.7;
17/02/2020;San Miguel;USD Linked;Fija;4,99%;36.0;45.0;
17/02/2020;San Miguel;USD Linked;Fija;0,00%;12.0;15.0;
17/02/2020;San Miguel;ARS;Variable;6,50%;10.0;653.0;
14/02/2020;Rizobacter;USD Mep;Fija;9,50%;12.0;4.2;
14/02/2020;Rizobacter;USD Linked;Fija;10,50%;12.0;3.3;
13/02/2020;Inv Juramento;ARS;Variable;7,00%;9.0;523.3;
11/02/2020;Banco Hipotecario;UVA;Variable;5,00%;24.0;2997.3;
11/02/2020;Banco Hipotecario;ARS;Variable;6,75%;18.0;390.6;
06/02/2020;Volkswagen;ARS;Variable;5,24%;9.0;750.0;
31/01/2020;Telecom;ARS;Variable;4,75%;12.0;3196.0;
31/01/2020;Telecom;ARS;Variable;5,25%;18.0;1200.2;
27/01/2020;Cresud;ARS;Variable;6,50%;12.0;1095.2;
27/01/2020;Cresud;USD Linked;Fija;9,00%;18.0;5.7;
27/01/2020;Cresud;USD Mep;Fija;9,00%;15.0;27.5;
27/01/2020;Neuquén;ARS;Variable;6,00%;6.0;1500.0;
23/01/2020;Creaurban;ARS;Variable;8,50%;6.0;865.5;
22/01/2020;YPF;ARS;Variable;5,00%;12.0;2112.2;
22/01/2020;YPF;USD Linked;Fija;9,00%;12.0;9.9;
22/01/2020;YPF;ARS;Variable;6,00%;18.0;2149.5;
22/01/2020;YPF;ARS;Variable;6,00%;13.0;4104.8;
16/01/2020;CABA**;ARS;Variable;8,25%;24.0;9414.0;
15/01/2020;Santander;ARS;Variable;3,45%;6.0;3770.0;
20/12/2019;Geneia;ARS;Variable;10,00%;6.0;441.8;
20/12/2019;Geneia;USD Mep;Fija;10,00%;12.0;6.8;
18/12/2019;Arcor;ARS;Variable;4,24%;6.0;1654.0;
18/12/2019;John Deere;USD Mep;Fija;9,50%;12.0;23.2;
18/12/2019;John Deere;USD Linked;Fija;8,00%;12.0;5.4;
12/12/2019;PSA;ARS;Variable;7,00%;6.0;531.0;
11/12/2019;BBVA;ARS;Variable;4,00%;6.0;1967.0;
05/12/2019;PAE;ARS;Variable;3,70%;6.0;2743.0;
05/12/2019;Volkswagen;ARS;Variable;5,75%;6.0;750.0;
03/12/2019;YPF;USD Linked;Fija;9,00%;12.0;19.7;
03/12/2019;YPF;ARS;Variable;3,75%;6.0;1683.0;
03/12/2019;YPF;ARS;Variable;6,00%;12.0;1156.0;
27/11/2019;BACS;ARS;Variable;6,00%;6.0;296.0;
27/11/2019;BACS;ARS;Variable;8,50%;9.0;203.0;
21/11/2019;Galicia;ARS;Variable;3,49%;6.0;4182.0;
